temperatura_media,precipitacao_anual,elevacao,ph_solo,argila
20.11399081526677,1302.1006375743334,548.0355328414589,5.024834666784029,65.82045168615878
18.582068619498916,1280.0224781169031,1499.0738075226543,5.9020189154432225,45.46269327402115
27.02913671114834,1791.0098797116686,1068.5655151493847,5.00683983159775,14.784719068557024
19.9231717024577,1733.9124335716326,1452.9539544135332,5.126211159939045,60.70111405104399
22.92927674054184,525.328612624784,529.2914000339806,6.04206922463236,11.787062338553367
30.09839975054223,2320.286727859688,253.9533989969641,5.167065023262838,58.8795831752941
21.04511087017136,1924.862867992595,1599.5179845951498,5.482900834779205,33.44496766105294
18.895016039002268,3008.1036865741644,14.913007523864508,6.213305667399057,18.604272031225264
18.179337066368173,2142.5991190255486,1024.4171753525734,4.65609372308101,49.99346579425037
16.992581093963004,1576.5203455190035,1741.590341879055,6.616705707230424,47.1151699218899
27.4427078677168,3198.695573479048,484.5397740136832,6.929368821995102,36.9257937092334
20.12587092673404,3216.1130119577538,1771.1281271651387,5.930136875030316,58.39597675483674
25.411982569165467,1190.6440918549104,63.70107773691416,5.7953518218957765,62.23641300573945
23.049658139251868,2034.515977977712,464.35757484287024,5.15250483261474,69.1709638107568
20.373223405340426,1694.376540683925,467.80401854775846,5.843672988978224,34.1581945726648
26.02743471377715,1893.5255732770063,1706.739277811721,5.1486124812775405,31.127915866672993
20.701439124106003,1913.771364284407,1763.3209296036512,5.701718872776132,17.313919067382813
12.167853109839552,1169.049768565474,1321.892754547298,5.0193617942312105,69.43678576964885
25.253032920437516,1942.7947901212808,517.4635619390756,6.05188265022135,66.14378294441849
19.900455129638985,2674.623681570898,736.1264131497592,5.983958188674579,66.34179103188217
18.640185876556657,1717.9549979325986,362.8397664986551,6.370099305635929,34.4489261507988
18.988534002093814,1718.536644650773,1379.8554464243352,6.887546798700416,56.3308198004961
15.883215531771894,2499.2860031687333,1337.5888916663826,5.047490715766598,33.29291879199445
18.392743626333136,2249.1981203414744,897.2304855007678,6.176332504559145,11.95767446886748
17.87914511246761,975.7525908093576,1206.8992720451206,4.500912787033354,33.772857333533466
13.189927671551118,1914.2784866310935,1354.4330284930766,5.179761368946384,67.53541165031493
23.172288416248264,2626.773617338866,1392.9532539099455,6.161826679225925,41.33984860498458
21.34557824888582,2507.638174959571,1089.30474082008,4.983127594741659,50.427559446543455
17.338667236933553,2009.975801907115,702.9283383395523,5.741948489914533,10.61240119393915
25.39154878978818,2160.6104035564467,1207.9036314971745,4.86968871427331,40.3357942821458
21.012134703581236,1201.5323939056582,1564.5740607753396,5.240754507119458,55.16742697916925
20.46313855309596,1950.0657834406863,785.5251716449857,5.471442151484957,37.10241749417037
26.929930384595647,1322.7755324060888,216.8574198614806,5.071376863515769,55.87699456140399
24.170185808583017,1570.990965951528,1114.1160471830517,4.137903537128543,43.754944945685565
24.691577071133363,2267.8018418898014,864.915751805529,5.670167430669303,54.12434353958815
21.76553833234964,1231.5534441544285,1663.0075613502413,5.832430066783169,53.81974583491683
24.916038114038297,1933.4591254365291,433.2108333706856,5.595700201842799,30.429412801750004
19.559352649639887,2014.1660197357717,1397.6668360177428,5.157876592018183,51.8495337292552
18.71541474851781,1827.455984919815,1353.5781988408417,6.130142560082306,42.3731980426237
18.82511090182274,2711.0944109177076,1217.6683647092432,6.2542749620429925,62.73511523380875
18.241886979279514,1288.826335712375,993.0950350128114,3.838430400765058,14.53935959842056
19.939884019533626,2103.0651307178,1076.1489561293274,6.28720238627038,32.59821771644056
14.259651653083589,1755.5347162746664,1559.5876468811184,4.254316576992542,48.42965825460851
30.00098401330693,1669.583878083038,891.6132826823741,5.258814746295201,11.519390870817006
23.53861158758471,2032.0456169261904,1764.4121352117509,4.723578820368506,22.41690360940993
19.132942355922165,1289.799704658035,124.8744370881468,5.058925951953835,48.02830458153039
19.38644425355468,1143.2745417407973,1000.6721350830048,6.421818638106969,64.36376442201436
21.110761548750997,1552.7595622582885,340.872345585376,5.874159371798851,39.75374852772802
25.518990072864344,2675.878574877724,533.6234668269753,5.845728660019317,20.636130115017295
19.12510147630744,1827.88238730626,1513.8074192684144,4.045405298058631,55.28097217902541
23.90569570928699,1965.717199113943,369.1927822306752,5.637427739919095,11.18458189535886
20.739129894245796,1705.0766811612302,1048.8943614531308,5.940162207711729,47.19068730715662
21.68870230044167,2035.2463659769128,713.2719567976892,6.102663000375531,44.11242047324777
27.824324244421906,1324.160228491427,550.0282972119749,4.818726854667339,19.0820646379143
20.546737495025397,2378.9552332843205,850.0595207791775,6.1562801364214605,13.089520670473576
26.05233728938757,2092.3526301206757,1337.8483761101961,4.523355955193313,12.51420421525836
12.530249307391149,1396.7735886541475,1758.2464918959886,6.717120113213433,20.60461434070021
25.49463020137404,1827.276622905996,281.2749323900789,4.940955996829525,24.692457746714354
23.796517594096645,2158.1658097495615,232.96646042726937,6.035517070738543,57.35865036956966
21.72874603974847,2078.8654910273017,1045.006745075807,5.722537941594805,20.41751740965992
24.77795238641468,2540.9670079384405,246.86851487495005,4.75547963767098,68.16517858300358
20.899925387307775,1493.5061225525749,363.5936000850051,6.300981059248017,39.47411724366248
20.822265516691015,2358.0683077451968,614.9683162104338,5.523363789839174,33.783961148001254
18.48983335545695,2318.2740049706094,478.62170403823256,6.072885442393492,40.59157442767173
15.816270793739392,1718.7584340485728,1298.8547667860985,5.652734460075544,60.0632787682116
21.4584605500387,1312.0366535890576,1251.8846718594432,6.10794807668694,13.365981932729484
21.504111988293737,1255.4274045577415,1429.5757087413222,5.515176364628654,15.051993122324347
22.729878914130182,2028.8934789724856,494.0459975972771,6.28066005478511,65.95890826545656
26.70650551683102,1764.436633139553,327.52145156264305,5.253473394562212,67.49377742409706
29.70227894042528,2689.551333425725,832.6866006944329,5.8691018227741605,33.80075170658529
19.06293192083988,2067.5689802481024,990.9811383113264,5.76500006557076,39.87823099363595
11.400648840918782,1614.0275624182525,1120.8918855059892,6.090701843968866,34.02755107264966
25.41532960891974,1287.228875751443,869.2081629764289,5.065270253530193,23.063841024413705
20.462109689237888,1508.799162697374,233.6957534775138,5.6243840485075065,54.91883354727179
16.474382776121132,1971.4441964486657,1591.1942526698112,5.093884444607705,49.27100794855505
22.74916866846499,1574.532676471675,1784.3722701072693,6.1360464780134105,41.227168501354754
18.20629461727323,2057.115060115345,1551.5377848409116,5.054319534367442,22.551159248687327
14.514975274790851,1632.830973915109,1534.0512920636684,6.712567087463723,54.181278916075826
22.687180440103266,1747.2200456027622,679.3444929644465,6.053260121427381,41.20405112858862
20.112221451036095,1434.7451635960865,1110.7376997359097,5.490404414802312,20.02051225397736
21.224007823996317,2752.521792454352,933.0163065344096,6.344337532644078,42.431871546432376
25.341703870778296,1966.310865735197,66.47257790900767,5.440786341903224,32.665968080982566
18.50498472658664,1915.3168202497257,1337.4583820812404,5.894283597145224,62.729383925907314
22.028392271090063,954.0687925579664,1516.3713076617569,5.86973608001057,62.18351203482598
22.852831039979108,2129.8959497746637,88.40757091529667,5.796126902687227,27.12976094800979
20.503366134008925,1288.188205560144,1607.9205738846213,5.082265039203622,28.009531190618873
26.345197807302103,1354.2392128228512,680.7194150984287,4.624409005679162,31.22222207020968
21.984678735496203,2259.1705855108244,1252.0157426130029,4.322879503158319,37.787103592418134
18.822792300358373,1573.649676745885,1291.1604525055736,5.18059254869911,42.96038834378123
24.90959576134858,925.8138599984096,1228.5449041519314,5.977955234541727,38.72444207314402
26.351821100858224,2684.9520549446775,540.7314409967512,5.332673761548026,58.91442611813545
24.559422651085068,611.2965373037398,544.7217289824039,4.657654346572441,20.91658606659621
22.383930789605692,2086.4057649297924,856.9987169466913,7.009534321365057,68.25959910172969
21.22657028250509,2308.624624542305,87.2684711124748,5.991406596134026,48.22270015254617
26.787862766076536,1484.5160666697327,884.9156760144979,6.862632670185942,66.59178959205747
18.420388143316497,2022.1435257057772,1059.524502698332,6.3491254476049015,41.22502013575286
31.48227959849685,2019.5651941942776,422.3507911898196,5.072034617144842,59.892198466695845
24.921395957532773,2320.3115764572563,1736.3488490693271,5.21165515772725,68.26388789806515
22.19322739737853,2042.049693976261,287.9903887398541,4.491523315211202,11.710915095172822
16.78803128604917,1677.5581104537375,1035.4283709079027,6.0183314171767766,20.5420995503664
18.88609579908453,2257.9960289701057,757.4259820394218,6.636561476559136,59.69580037519336
24.36641441080949,2200.311178254883,220.37347527220845,4.855660585349182,47.4437253549695
21.04609236644143,1331.7154829321037,655.7133732363582,4.658461647226576,56.46407937631011
17.216708340747196,1099.606283002135,1797.707087220624,6.117874647855137,56.00077800452709
15.88493974793738,1880.138769996589,1436.1953276675197,4.438464675079489,24.559122608043253
21.93069093784541,1663.0188126124087,629.7327209729701,6.845128090437979,24.3498596502468
15.800706026840608,1307.2304437188518,1686.558698443696,5.900495044464374,27.163637024350464
13.476966406290463,1841.9653397575164,1283.75528245233,4.299573462313011,14.588823849335313
19.804777569269927,1140.001736756547,891.4387831930071,5.748443227012696,15.128568289801478
23.28986148284831,1880.6131756630996,1462.0416511315852,5.573627306067696,44.01738262735307
18.161976407649018,1487.5358062290402,1178.8785806391388,3.7721105267707298,39.6996768983081
24.48382953157772,2278.5821370962403,649.3425857741386,5.470699378773233,26.523073138669133
14.980038785779971,3012.244570580767,849.4767936877906,5.0889174624930735,42.166402507573366
20.54662052748783,1342.010378156604,1077.0438701380044,4.878892105069922,40.84041437134147
22.156149727752407,2328.8320854714875,1307.1596960071474,5.667101773825477,12.385226939804852
23.28221490130432,2212.5748638841415,640.7995157875121,6.095623211605665,35.65418384037912
21.255721147298303,1764.9028878473207,1055.6612097658217,6.708906183249836,13.414025716483591
18.64751659215214,1573.1768129714928,929.8864582087843,3.657244647733212,33.20755166467279
17.396203292689005,2587.653853418742,1068.326441058889,6.020527929466976,44.15547237265855
15.106829080600166,797.2710908818765,1598.885252326727,4.833354222065296,18.019321179017425
19.78809758660451,1478.4026042031685,1560.829600598663,6.3094311157663565,19.134253510273993
15.721614147197506,1081.5782781711123,1496.1624653544277,5.742103171910487,28.039917796850204
21.1644924244343,2497.6567194730387,291.09260025434196,6.5114700204423,32.94324980583042
21.18608340662679,1704.6482836775715,596.5159415267408,4.4620670859703395,21.968112932518125
26.374116763527795,1537.6644002651642,1667.110419133678,5.846241908340188,60.59228513855487
16.396989138831934,3392.022237033164,1665.0704181287438,5.706611536624243,28.629151885397732
21.50445958355535,1774.9813660561858,1145.6955685280263,6.233503572143598,30.105176703073084
20.030130265368623,1578.1253440667383,1427.237710962072,5.3381820439555,50.99927387665957
17.06514313055245,1949.9326250680724,1029.143444309011,6.300811792150117,43.03331549745053
23.50213894938006,1015.7876896225156,70.87623537518084,5.188527387166884,17.24852834828198
28.224854316643448,2045.1513213360336,517.7830390166491,5.199533817274823,53.85863041970879
23.20947163462329,1751.9183994600166,865.5148592311889,5.517765511019049,34.260987495072186
21.81639742518607,2034.262561265073,782.844754261896,4.751523479332394,17.822022885084152
17.274675279797723,1308.814682031073,1678.4457969479265,5.180399851415999,58.77406363375485
12.300335951364245,1288.5080789260282,1162.2250541578978,6.2770026799376915,63.58039338607341
28.520872449652902,1453.2926683619075,1.4921346679329872,6.65628009301401,66.00780507549644
18.052018697886513,1416.005213453609,35.140339471399784,6.2799782757398495,59.22596201300621
25.356127369147497,2449.5249833417947,534.55422478728,5.202594377367992,37.483086991123855
30.158184808693793,2589.5727809040454,492.7431560587138,5.722935919877734,63.90908955130726
13.74528212422324,1721.5540234804664,1493.0484106298536,5.56894275426132,29.17538968846202
22.91341645762276,1620.5317197076597,1297.9069612920284,4.618680768944942,30.09883948136121
19.27620824475129,1635.4805847891655,1225.0005992129445,5.6801857477985,52.02086984645575
15.636770943387145,1834.618238926508,691.5508066769689,4.922994670629734,14.293199544772506
16.940852662546863,1848.452116850527,333.49224077537656,4.757563046737004,41.19321268517524
16.45066123612797,1945.0171938827853,381.0646898578853,6.007853822956136,51.72289117705077
18.076436275798315,1426.660529476872,1266.6458785068244,5.004447679025561,53.18806937895715
16.735543676556333,1376.5518055898406,472.4779944866896,5.39916587464327,53.91326359473169
25.52938443878762,2398.538831873042,407.4275510385633,4.818399096182996,67.20259816851467
29.19722976716698,1525.6863194483387,1067.7353316452354,5.539161098097198,69.66779279522598
18.056076276743408,1951.5228476127256,265.2672730386257,5.8446425872053425,32.79322226066142
26.87532805646269,1771.514733098334,91.87577781267464,5.851781678266836,67.43426012806594
27.001189805466176,1321.0753039246654,24.993052845820785,4.747319415939428,45.049963276833296
20.96460861404204,2095.5309547057536,1454.7339005861431,6.380629575018603,29.260462666861713
15.63264510524352,1886.5524367464773,1444.6161538828164,6.545080199131073,15.70844208355993
23.44095292524376,2499.891678106254,27.078882744535804,5.761037298487524,19.42125442903489
19.66382717871371,1858.729792313494,1071.5304935351014,5.610235683519043,18.099246663041413
24.59219906821127,1634.2271208995735,553.253021556884,5.5541400323247565,53.96179364062846
19.23724627808773,1939.147456652682,1090.9995658323169,5.680282162157822,26.428740504197776
26.74372092595054,1207.2041754823304,388.0575402639806,5.763496512105847,68.61295320559293
17.383182129387787,1382.0529733032015,1706.1648131813854,5.595776533263718,32.34694957733154
27.63895526080156,2055.1366255697153,190.63020050525665,5.957676219640312,17.102682129479945
19.15804128768302,1633.4395493880256,215.08356188423932,5.264962020335727,18.05320108309388
18.200476198299818,1767.0195268237685,252.96760755591097,6.290541449951521,23.05287031456828
35.38274076139331,1742.3891452890252,527.1396594587713,5.473622031760564,63.297673957422376
19.09939397113538,1474.7436906127357,1077.7252254076302,4.271014188424687,67.58449456654489
24.06412394953167,790.6556704587914,376.262138877064,5.430195741431618,20.914048752747476
24.10369089124795,1974.417485088296,814.1959349624813,5.812914316857712,68.01453121006489
19.619598523008197,2180.8197538234294,815.0929913856089,6.36102217098359,24.809825234115124
24.00592566362643,1155.6418823249371,687.1741712093353,5.542147302830576,44.62779335677624
20.14296276718661,2541.2013592293033,1777.6317807845771,4.141951558830299,16.956997625529766
23.083669087228408,1992.5774118436177,18.26962740160525,5.503382236147753,13.155484362505376
19.587542653594035,2470.820147496936,1557.8764935024085,4.660551654622768,36.835907101631165
23.363160294414275,1321.4147643788558,166.85689687728882,4.816726007445176,27.62276598252356
31.530508256176105,1883.3906441771255,327.76644662953913,4.782061064135522,33.9451509853825
18.61671822826741,1749.9930205305957,805.9791288804263,4.940541152841206,62.70876211114228
15.67892859329119,2184.253715940888,1312.362112803385,6.295990363389684,53.09742522891611
23.125357048407174,1512.070216043653,341.93218275904655,4.9179297703193106,69.0621678950265
24.489641276789683,1794.9511640237697,250.76057366095483,5.192656058232924,10.114642740227282
24.59701374467032,910.6704256280276,383.02672365680337,5.628921422980177,39.61998644284904
21.255406250744727,1411.18927856475,303.71080613695085,6.123265737905433,31.653276695869863
15.14030464525485,1862.516941832555,1535.463606286794,5.033306492947511,25.832485635764897
25.0566564813688,1446.8392538058883,1332.028074329719,4.921643295291004,27.182888286188245
19.525065320456186,1778.21525709426,1025.444375909865,5.136968994450311,47.19557979609817
15.9191331097264,1566.03701303739,1539.6051465533674,4.679796910536637,61.31285848096013
22.254177056285563,2103.465068080745,266.9015559833497,6.144023344628868,43.45579873304814
21.17302802620774,2384.2441543747814,679.4227987993509,3.972629306130739,20.456893453374505
26.713606395746517,1388.7492935962389,575.3582543693483,5.13061554585157,20.89519476518035
24.17731670084275,1646.4817207026358,53.87748931534588,4.491201984534287,19.81585741508752
24.9217762911157,2519.880629184871,698.1462832074612,4.130250651067157,53.38215532246977
18.17186119867607,700.5383729081464,1276.990244211629,5.520060737955483,67.61942367535084
23.517723782717784,1640.0811041296324,446.6858185362071,6.576764962925944,65.06817989982665
19.20259438774075,2832.3521420716716,1166.220655431971,6.644248248359875,35.50731146708131
23.473782697362623,2896.7950345321274,301.51713844388723,5.106056654153065,40.31404851004481
16.247626103972756,1878.2976616750748,1390.30682137236,5.012131004037229,56.95533686783165
16.168344875992936,1368.1955246931807,862.8163302317262,5.123241587569889,54.05563614331186
31.66285416309347,1882.728709745219,108.666458632797,5.997077162248696,37.61591104324907
22.24098885095833,1473.6128020264905,1387.282147910446,3.7068121259139857,45.97073942422867
14.25905158687334,2526.408641145742,1578.6209888756275,5.673390332095603,67.45773818809539
18.370791164252655,1396.758672148477,1061.5150563418863,5.216121733294712,50.66822440829128
15.965333981854132,1986.455797604374,1097.5818932522088,4.979243052204227,34.75049467757344
30.523554255405372,2109.925037284346,757.2290467098355,4.095715978075913,34.92522972635925
28.987672738058443,1421.2449196520754,87.32638922519982,5.355921507551933,16.201410489156842
19.42442225380158,2225.762340753092,1171.6658398043364,4.345660259280892,63.071041530929506
23.46252922199975,1426.035014541847,903.4156716428696,5.489284488765365,69.2296331236139
18.096196173515313,2115.11991482699,1415.4813449364156,4.873568825740606,45.49927216488868
19.141069006644685,2348.330816551776,984.6478049643338,5.532423806928496,64.27763462532312
18.447303065192344,1305.778538808397,799.4285278022289,5.822702855568648,28.452272173017263
17.09742498358201,2353.9975204897987,1508.0353155266494,5.147382862961439,50.558319385163486
26.954661009864203,1555.2335643937938,1216.3229531608522,4.784321080648798,54.14813379757106
23.504913282342105,1947.176694218484,92.99140577204524,5.071780439678783,34.450732031837106
23.796656795600676,1900.9187361443849,226.7747167032212,5.032824547749855,59.84748682472855
20.51234060197547,1586.401806830899,1487.4697054736316,4.454706919661171,46.24020904768258
26.76218829402085,1934.0514349988923,722.5717399735004,4.953567250265662,38.21878532413393
19.208323523908568,1184.7845372880813,909.14038410410285,5.3646164055999925,19.29344493430108
18.209448968172115,1731.9315639075178,606.8408100865781,5.345416683140421,10.22208049427718
27.334051343546456,2212.8954158325855,1122.9121286887676,5.730679217921105,65.61683028005064
19.11650358596225,712.937675385343,1039.6145154722035,6.404313006186478,66.94584417156875
19.907596644393845,1056.0369063208727,400.0464919488877,5.733569722164707,40.157541362568736
15.60120958329396,1219.0312212015135,1151.232647057623,6.53305088231944,23.58625083696097
16.93471456588064,1005.4551529272852,642.1408482827246,5.046451824695786,61.73203363083303
19.269738152617418,2009.7915196481797,811.4559767302126,6.4454678870002295,31.809438299387693
24.30820744528628,1303.5358251219943,721.2452744599432,5.915386235472325,39.39913453999907
27.241810671360795,717.7264573355135,399.19396145269275,4.665803780336177,66.83419804554433
25.49182841596597,1481.215617459775,446.1749997921288,5.781519708739657,43.4555518720299
21.593569334479177,1604.682374262597,317.26715904660523,4.633615011601366,11.73072466161102
21.90454221587154,2228.392736889055,778.152511222288,6.163061472984198,64.50896978843957
17.889268575251894,1248.1239320005857,1097.4485233426094,5.122177698480692,18.054729523137212
18.922231856493635,2380.644627869348,736.2984990701079,5.334722869074366,27.84094857051969
22.610651235930575,1999.1813578143024,1642.6502533257008,5.024324457739738,23.60756798647344
18.41996584822188,1981.1760788177723,505.8879457879811,4.903475195344992,19.304352458566427
30.65692911539812,1373.7371648427488,388.0822488572449,6.691497796437747,15.676687508821487
20.65565276497851,2776.833939949019,994.356286386028,6.1942631660319405,44.04468237422407
22.967111544073276,1717.8645839514224,630.3479208145291,5.972649153919214,61.9029410276562
15.980438500506418,887.5512079108333,1688.483560178429,5.551533971302756,11.99312701355666
18.302836872613497,1698.071764303752,1133.2027894444764,6.015433670186265,63.818439757451415
16.372245238530056,832.7779646339746,786.5634107496589,5.9631989438411654,60.80172943882644
21.704581836407108,1644.7449421066633,521.2388700339943,6.622464418866901,51.506250691600144
25.477948603685945,1588.8864984051909,65.99367200396955,6.095027844748707,49.48637553025037
22.335959252131968,2140.9148452017052,987.0860415045172,5.35566769547974,29.81102525256574
19.143834105384645,2304.7480928687455,576.6733154654503,5.349574939718073,19.072786178439856
18.248009185609405,1436.9475175494226,865.8343103248626,5.172349204964711,30.15397670213133
17.62094800735293,2203.054434187513,1456.7523730918765,5.2453830074289165,42.433182867243886
28.802721455248008,2512.1615548343816,393.84040804579854,5.334321242353131,27.09956061560661
18.96815341000281,1407.927997578677,160.87736911140382,6.356016524718786,35.78795929439366
18.97924951304718,1473.7978167503338,1434.8480364773422,3.870148257111337,27.993620159104463
30.667649107258743,2125.389181576841,313.9327264856547,5.008707920112761,35.50604940392077
19.26902924603356,1891.523984971968,1442.357070883736,5.40698349644334,51.12341279629618
18.36114922656444,2074.3874802221417,66.49598604999483,4.60171911737276,10.741079933941364
16.766499605511797,2502.342147273781,1524.8075511306524,6.6333704270738725,59.103666273877025
21.504988177924695,1993.5415597881977,1478.950579231605,5.336236189291699,16.747199315577745
17.650546256354673,2325.8506350876864,1615.6807523220778,4.718157308150486,29.439238449558616
19.731291366888467,2111.452731168597,673.7343929708004,4.875870349232527,49.282595440745354
20.9703037872794,2016.8101949044271,551.3424254022539,6.1106766137594075,47.507986249402165
19.399580673231377,1993.042219092206,1654.1353051085025,6.808306538352862,59.801158676855266
28.65981829538054,2445.6616522290396,578.0722630675882,5.413012047331431,10.511270221322777
18.649025307825692,1298.8700631446727,1665.5714145395905,5.574920165163419,63.67169761098921
25.066793876238208,1247.4086354212527,1085.46803612262,4.836025457961427,41.813535867258906
23.38472806465494,2095.9730016986045,1046.0961326491088,6.421651297510428,29.618619685061276
19.572772735897704,1740.1551679334432,1324.2225606925786,6.005859848442179,21.391119426116347
15.710127011464897,1837.0026058424803,719.4216589909047,3.869522575999728,47.64200950041413
19.933357936639972,2170.6386885856996,660.724264383316,5.048337217927732,61.84084781911224
19.71197678292501,2176.6475239245383,776.1804681736976,5.33611775396093,49.44963745307177
22.374099751722245,1668.6647483191111,604.839326441288,4.724287528633632,62.92925046291202
25.43112603186764,1643.7280655014488,1256.556226266548,5.30874307707849,14.90716969128698
31.724045738344813,1836.7993045039348,482.75671899318695,4.706591192015064,10.841695363633336
25.581465265102995,2331.508894647372,1536.2863236106932,5.751515567611401,22.334325714036822
18.440769922152462,2013.0102433395025,1675.5420735105872,5.734951334705596,59.30911085568368
14.464553445160288,2516.503755411597,836.4456575363874,6.067689047197566,29.232507762499154
22.412113497796035,1796.181564790014,10.922348638996482,5.791519295153499,27.147353109903634
19.276450120580176,2362.833802610377,1693.4595905710012,6.615879827197704,18.704383303411305
25.03938082690756,2241.5011555086235,780.2237297873944,5.229703485898329,36.09332714229822
23.350825123605564,2106.041730450035,1499.762250110507,3.9926876427944986,62.730539119802415
23.954936173780016,2007.350353389232,927.4338479619472,5.517961449155921,58.93244164995849
15.82669634322042,1660.058801428741,864.0687525272369,5.954894191517848,42.60579908266664
26.61740209606392,1745.481245415384,260.3900288231671,5.219135080341038,55.27846042998135
21.900864055615184,1914.6977478542335,104.30235955864192,6.480613534343038,58.002382600679994
21.18899993174252,1824.4444453396432,1170.070289634168,6.266338075080248,22.38319445867091
22.28101428210688,2271.6122341931105,672.3968088626862,5.876245309244851,26.461943821050227
25.579899685068465,1745.3414384067844,44.25579160451889,5.548842330442228,47.53246846143156
23.6945992251091,1764.811539206086,134.70023539848626,5.11394955676435,23.81990499328822
12.84700191102472,1557.8404562171677,1494.3658995442092,5.37613964255264,29.21338189393282
22.980794610351232,1730.8318357283358,1321.7297495808452,5.8284244933689475,19.95969770476222
25.284257540757736,1765.617178848078,86.61624421365559,6.1774577517733835,63.68132246658206
19.021982003935417,643.1321130502924,1305.1371649838984,5.292719740229968,56.70787930954248
24.39802176984717,1117.5841513928412,24.852091446518894,4.990222719103455,13.482187339104712
21.236989418331245,1763.7565450240204,1099.7217210475355,7.232924103306271,47.59097111411393
23.6822344157368,1667.3581125677506,400.61448616907,5.862990019244791,57.62931704055518
27.212731592301548,1199.5653358962818,1116.884357202798,4.867477756263783,38.16518861334771
20.076153340893157,804.2309119784906,1015.881714457646,6.1516853394402755,65.07411111611873
21.931925841024416,1622.8153900432867,913.4452315047384,5.543180548528497,36.487924847751856
27.283898317912193,2126.747882847138,463.21239145472646,6.078752473965143,10.27200410142541
26.278623114216774,2686.6193159637824,646.0336597636342,5.53625786679258,56.27595268655568
27.02594458074204,1780.7716031453308,518.3692869264632,5.459099664128353,54.48553431779146
20.664058356278307,2546.5924203138584,342.0232131611556,5.563428134498582,36.406969744712114
28.605175717698867,1841.511078817984,1134.9184011574837,5.788946557936784,31.49860440287739
24.208637433042615,1857.76605212978,19.38868355937302,5.0729399879192485,27.99000718165189
30.685366129310097,1962.4126566743732,260.6804165057838,5.041245738808803,42.63299464248121
15.845801161480637,1364.7113773695403,916.8626981321722,5.370654555702448,26.18883506860584
21.56865209098369,1774.1408935525585,838.4274181444198,5.619911002145963,33.61309628933668
26.186018265836548,2254.2238493961254,937.880006013438,5.2778364813114225,28.764876411296427
17.409065707641265,1425.1371065739054,1243.3218478225172,5.721889193720531,55.3337136702612
15.589560802136376,1639.1969650560195,1799.894441664219,4.728785211178602,13.088714624755085
15.121949961854288,1226.1146247703728,1707.9650745727122,4.498329082992836,59.402134362608194
14.646720097618562,1977.1760982246776,1714.4089283421636,6.824407442755658,64.73387626931071
18.556728278617896,2012.3998911945112,1231.5445295535028,5.778513979142218,53.40717769227922
21.349522621580544,2124.173675612041,1325.064690085128,5.222080306623795,18.653580015525225
10.77640744347184,1190.094984241549,1722.2501882817596,5.304029506056746,37.460502232424915
23.72871653877748,1853.617517377382,373.0683982372284,6.049582971730492,26.49860847275704
25.302870636469173,1327.9711541750771,1214.6098497323692,5.3527754300394506,30.144149297848344
31.62281734707949,1799.8076756419882,175.82624196074903,5.634480474713678,20.41320526972413
26.511686307463677,2471.31196000304,897.6725537795573,5.314692061731084,36.652363049797714
22.933625636288692,1548.237356532862,1364.4911396317184,5.149026259444269,54.7687883162871
17.028178056511027,2158.3416604694125,21.633449010550976,5.921532869464179,34.60592062212527
20.730641449602555,1425.1657079581523,287.7772394567728,5.599046190845104,48.13353529665619
21.99591366416307,1560.735894774847,198.6335031688213,6.4112688668792375,44.87428777851164
22.477948649223094,2019.3608752933085,1445.3823206014931,4.712222199627679,50.8425428904593
21.552976559409032,1460.443864771066,674.7793681919575,5.405284815765423,22.28803814854473
15.559956964269556,948.5175824272824,1135.1495078299197,5.3537077358261485,59.95435308665037
26.623745565841745,2432.584217606665,1371.3324221782386,4.747596366260429,53.235107152722776
26.30301829010514,1980.1786189399231,447.515625692904,6.198501108380788,22.71857454907149
22.93264919522155,1508.1802797199553,672.3572982475162,5.424820175648099,19.544036695733663
27.039268396259622,802.9606063346996,611.0553483478725,4.530109406697973,42.53484332468361
14.828947751876044,2751.104885699652,1271.9850330613554,5.085501560824046,14.13202763069421
23.55630121914686,3495.185410635771,1028.9933240041137,4.7262665075477335,31.225824151188135
21.132332226038173,1903.740203677728,258.67275623604655,6.227361958830092,46.1026409920305
25.133031980446784,2224.9033237555946,533.9833689853549,7.280033119803475,19.964526630938053
21.639952838240365,2412.2801560370804,705.586447706446,5.028398926604512,49.66211146209389
23.71194671483051,1449.0977832306958,939.9653790984304,5.435438994328742,38.342195018194616
26.178220283065,1624.40188522173,1054.6167257241905,5.6958145240034606,60.84504225291312
22.36014896924232,936.439481677402,556.3371306750923,7.396271593304766,27.51485980581492
26.1281068464942,1431.7108838640638,647.3759004380554,3.869697575426984,55.9662357904017
14.227997563859557,2111.204891443057,1672.7554318495097,5.140230985012579,66.36107115540653
18.17102500305412,1654.6420053795648,980.8524117339402,4.65804366994058,45.218897447921336
26.896133021094084,1692.8942329084616,1060.2459414862096,5.3406626356341595,68.54748709127307
24.153123000442523,1743.720224248742,452.14296388439834,5.306870547689795,55.32433577347547
13.691765863105887,868.1665087521976,699.7809517197311,4.989133835782549,68.72005916200578
15.055848409456232,2218.8149671158353,1162.6672607380897,6.783909002266482,19.80521447956562
21.224439248896257,1078.2535555322895,657.4788962490857,5.679945735945484,57.30859483126551
24.937542206856406,1695.714918792176,841.8584701605141,7.175509761931573,17.62097141239792
22.636569287807788,1580.7182689705849,318.63256311044097,6.076531638352847,25.46888771466911
23.898070364214124,1690.7030915719008,866.2265079561621,4.614281494820775,16.72540073748678
22.8054881641053,2529.982972367893,1676.8444490153342,4.972556149452271,54.80824423953891
30.545652994270625,1508.9700410423152,46.18877372704446,5.691126893414067,41.070289155468345
22.154873862857663,1408.451202144052,689.7310234140605,5.0954707412404705,57.17628798447549
22.44066285893256,1040.1730025280776,450.4698387812823,5.748002782354328,54.750678753480315
13.86775771976313,1397.1509591943754,1039.7642812225968,6.012800849370753,62.220123265869915
24.029252206252497,1216.907646316131,122.6860566996038,5.7947855936557495,59.05815179925412
18.20063043867503,2003.973098124148,1170.6564432475716,5.405771016080405,58.2405378529802
19.811454805094588,1368.4978769960617,97.50228789635004,5.049522746296197,65.86335554718971
21.708630964489835,1952.021017514068,523.9147037733346,4.597475517585084,41.36782526038587
26.382023088198608,1726.7862560760398,559.2498675920069,5.73862642901882,47.7398776775226
13.643864779248004,1083.218910044598,795.0470886658877,6.145634971865028,21.11753659322858
19.93580191549332,1404.696107138651,785.0269785616547,5.444231413178375,36.93992404732853
19.10878125287779,2242.5562275288385,1785.9226271510124,6.027532356907136,61.80956824682653
17.12430496772225,2251.538042977284,1100.9549173526466,7.059270778466801,25.253041749820113
23.634603682181183,2802.7866371503137,567.0026959385723,6.853674897370395,59.60928024724126
20.988644449823013,1798.2098458001096,1552.3584108799696,5.153566166256706,46.01671466603875
22.044297508545377,1052.08659300893,607.8526181168854,5.882698288976546,20.14857629314065
10.509640897936384,1415.7914864924203,1208.9221090078354,5.0084525535777065,38.46062027383596
29.42845110728406,2004.2442524200744,1619.1271587274969,5.982869396731127,57.56044262088835
18.619864897551945,2750.068167447361,1519.646024191752,5.459145801946276,32.3524960083887
26.120936193777215,1855.0045617198616,161.27897752448916,5.694311304646652,25.380909820087258
23.47864985488602,2370.1934125642347,538.8053697533906,4.89868976991356,24.95173980947584
25.23200283682099,2184.04065234613,955.5633674841374,6.34376454108285,29.214890636503696
25.223487127378743,1215.9541889413335,682.3835527058691,5.441074023466191,19.434416838921607
18.59647263162716,1714.4436738675706,1521.451561152935,5.1878560294314555,32.55272571928799
20.862857630324285,2452.6307681738417,1549.9378195032475,5.446365039169369,19.769005705602467
16.53913794227251,2238.048054797957,1226.4089110773057,5.553478865997112,67.36048880498856
24.725091421513284,2031.898070783899,900.8668740279973,6.645804808185692,65.74363586027175
17.83072147335814,2038.5571226884392,1441.708390368149,4.722493208166375,37.54844821989536
33.41623716416266,1554.2973498952988,83.61875033006072,7.221293842443687,45.93671230599284
15.982201837769075,1140.3073433278992,471.20085982605815,4.958681329475891,35.86434424854815
21.071495183091383,2447.7128954156537,357.5186150148511,5.6222503624720455,30.014303252100945
22.894321228822612,1089.8902541665357,1469.066074071452,4.059301044675523,50.19779302645475
21.48738614406348,1330.552040147085,1517.7146811503917,5.041877628769194,13.428767346777022
17.14492150458131,2114.48249625992,1499.0514471195638,6.012241354890113,15.049589262343943
18.551168475193982,1168.9027253051995,487.2361853253096,5.853663141005313,44.58802944049239
24.472635635592972,1524.0647933636042,35.0890610832721,5.787400555226784,16.561256516724825
20.53752779486379,1208.6002466087612,1135.080850822851,5.173264287527119,28.5693245427683
12.799360394392576,2110.331778864475,1346.5048855170608,4.209499273759519,12.68722482956946
21.407565493864745,2023.156508319048,910.2129248902202,4.7490227610584075,37.946578660048544
22.79192106086468,2010.942346636844,656.3334006350487,5.33911986427317,46.24551326967776
23.025871817800144,2021.2323860728184,557.6779233757406,5.93514602249349,35.076810494065285
17.838068221089284,2078.6228731894694,647.2878694999963,6.0862118369727884,53.775494415313005
23.945011873167992,2119.6782459852584,653.1737466808408,5.287978365592264,56.86851152684539
26.605574933236632,815.6692216628891,969.5685382001102,5.393913225911327,41.20457005221397
22.30216029859331,1725.591819320066,1174.2617713753134,5.386003934233381,38.35839845240116
17.279221441482687,1856.2319062759505,726.1415590066463,5.540491873069008,55.91668663080782
19.109208410673503,2162.3381013238795,1049.4032368529588,6.576001419910307,35.76165576465428
21.62723778682758,1206.2569619973574,1252.392230462283,4.991301230336726,52.605376108549535
16.597591371991076,1550.1999050920435,1604.7420342452824,5.3566660963133526,69.47044043801725
10.250435385969585,1263.1785046244208,1706.3264246564358,5.555108404710097,45.28061879333109
25.26462515097329,2328.62010635484,757.4593763798475,4.563213874770459,61.691602347418666
17.244428377839277,2439.536291604667,1145.8870585542172,4.855279535357937,63.1380453472957
20.74483216238703,2193.838362679616,320.30891817994416,5.640183364026374,43.103439756669104
29.5818929183846,1188.7983087115044,144.5698392111808,5.798948389417366,45.180347971618176
17.847649966022527,2025.976058368327,1018.5901051852852,6.2980631465662205,23.939746860414743
22.97118363986605,2375.224593190458,1470.580840297043,5.174005830493045,42.34104577451944
14.854894066784745,1883.9704903682295,1367.458139313385,6.517730434864047,62.84960387274623
19.49398105810584,1516.9453335520152,1029.283109866083,4.894810647876326,36.29972446709871
18.36650242343068,1256.9408796943248,1779.7578333411366,4.382601844348415,20.53002818487585
13.951468127382524,1467.348602219922,1791.3087249733508,4.137790588113605,21.74789289943874
19.725244761233675,2157.4241779746694,578.5873930435628,6.272835192458408,38.84995325002819
22.955737023714033,1584.169449809036,309.63225485756993,5.713410477913819,29.78091990109533
24.673560337090187,1913.8074699700437,669.7411792818457,5.408704677036032,58.183327969163656
14.4874896754169,2447.4728978351523,970.1080502942204,5.294470629091674,14.216345734894276
18.22026045308471,2089.1674702347273,1460.2408633567393,6.610378818784737,30.425310754217207
23.252728757296396,2482.3363907367698,1257.6323322951794,6.340801852841473,33.74933339655399
16.985014953474522,949.2100986697968,1619.9161355383694,4.7973822021605255,31.40387519262731
21.003570796018725,1659.6618601431037,1301.8656302243471,4.5262881120286425,51.270452262833714
24.59164403363464,1832.534009746097,459.09008220769465,6.259707116650905,50.20860369782895
23.404513067028702,2089.2946458042575,555.608998099342,5.89242826421214,21.25809911172837
22.58010895581956,1215.3966892355147,1344.307254021987,5.1423133104372,43.32766425795853
22.40083581024427,2203.0924277236445,369.4431819487363,5.777516375899768,35.1642914256081
20.800984038504343,1953.6950380811668,514.7699690423906,4.083738227262048,34.09496132750064
8.57350186475447,1931.9030068023585,1617.967442376539,5.034400968946588,44.6626440808177
22.721143734197817,2054.242395802523,302.3640639614314,5.804505043868268,35.02468788065016
24.945717145209606,1741.8207800615028,258.4738800767809,5.448961852683227,13.142244252376258
22.180823300587956,2262.773049249557,1320.2573542948812,4.602678649119266,45.94323946163058
18.84757416754289,2124.114886865745,977.1041424013674,6.210686291473879,27.181139360181987
28.189017680260452,1724.8953129161505,976.3313196133822,6.3141415374414125,50.779179711826146
21.348678079370018,2320.18850967035,1265.6731997150928,4.841972113080099,31.800382840447128
20.98724821177039,1946.2793424730908,1172.6717406883836,5.3701733596138865,64.13274968508631
24.97854874893514,2134.3756997197324,1370.1727896463126,6.0114297576221745,61.24761416576803
19.609882298673583,1502.9111791878893,505.417605349794,6.104607389903064,30.251391124911606
16.88455413483802,2590.21591849296,1771.3637898210436,5.129876669755594,66.52003672905266
28.38598438545859,1798.005527825008,1734.6085115801543,4.88502211230233,64.36141623184085
23.89282948448767,2223.9213844467376,50.56242146529257,5.741552784791771,11.606370215304196
26.500112687681824,1749.9417370536546,1344.7203326504678,4.1587872473792284,14.285856648348272
16.265379352786987,1660.1850465097004,660.198022518307,4.8349456874561465,52.31530415825546
21.326049423299015,2192.219122640003,637.2944561764598,6.041510988940209,25.56613289285451
25.408953427192618,1007.6916777044128,34.914062451571226,4.3073411161399875,20.96180302556604
21.102127203343738,2039.1830738970152,1366.0089924931526,4.659456011252153,15.282609425485134
19.12631590401678,1996.783186497407,283.7130193132907,5.331450455469943,55.710969190113246
23.470748453830044,452.3353154377419,202.09621489048004,5.288548549203952,47.29043050203472
15.835723435132834,1984.1886642666284,1284.864650806412,4.272168669618903,31.696434570476413
24.44663095816471,715.7911263264973,801.3941142708063,5.856565189323644,49.78431082330644
28.197939917600653,2129.90218844636,47.05348061397672,4.784980564041366,53.72769728302955
10.133426598351624,1573.0431333094048,1655.540871899575,5.3893587438177475,15.15792990103364
24.704149898709844,1452.531587382553,1412.874650163576,5.3623994550993315,16.758012250065804
16.74023135111365,1796.5768484136674,765.1968872174621,5.987640118581831,41.1452721664682
25.12172887563355,2486.526022491995,232.44940009899435,5.453812978200473,66.65318606887013
22.218533264116033,1482.338461391053,1473.6924294847995,5.405956410116218,20.82361353561282
19.329684365588506,2079.0516469743884,1290.2521073352543,6.658318590801551,43.96625452674925
19.193732734112107,1970.5789342109383,741.9371461495757,5.76032641741422,51.35748539119959
23.716760887602277,1210.2406854292217,314.8410657886416,5.936478323827072,10.0495665660128
25.69706202265042,929.4889913330152,19.40426006913185,5.832429038781488,13.5989975836128
25.692336513236413,803.7071143804285,613.6249221861362,5.900144238651669,47.939540380612016
14.768042772514592,2075.6371057339447,340.8697639591992,6.435015526926596,58.384180958382785
14.417833263877846,1782.6289692343507,1012.2165546286852,5.460027087323384,69.56903355196118
26.54571067870136,2725.285851805311,1058.6328953504562,5.669990762495702,38.93737700302154
26.66503366040465,2086.8375541315227,507.1605760138482,6.878743892969989,67.12080993223935
20.74081586005046,2224.8479455413044,1666.7799785267562,5.128973180599365,19.006865974515676
23.058992507073448,2467.191792667477,1267.240373790264,6.403706285675366,67.47190852183849
26.17583710935861,1549.6404510175132,497.620853735134,5.075045262749375,38.01740423310548
9.4943288572683,2055.0489641142444,1287.3266496229917,6.697097772724161,19.787586415186524
25.1540317051686,2234.396635122077,1095.6922271288931,5.033626834167542,33.71486988849938
19.855691258748223,2484.6758440015137,734.7861183341593,4.929939406299321,58.899175552651286
24.018951910425148,2181.3255731631843,301.1718040332198,6.2254818371146685,31.46540503948927
22.687268494577857,2010.5735865186664,44.033433962613344,6.175452072829038,68.90010527800769
26.65244695299896,1365.8879763643884,278.47095443867147,5.886197586222057,14.029073328711092
19.438565205716177,2164.780180478847,1055.8483328204602,5.691231970538198,50.474380296655
24.89419068698107,2050.1329362091437,393.2747921906411,5.66930186233933,26.752192475833
22.197545174143396,2117.125126853455,79.904970433563,6.938332494232554,27.133114938624203
14.690496835272686,2011.8225227861285,1646.118109440431,4.497225853347339,35.87181741371751
24.14126764508635,1699.0809776449978,1566.2581322249025,4.809564578062711,56.93306602537632
22.5006580810333,1761.567050782993,1487.6473213545978,4.604601913965735,14.140222310088577
27.60482682814327,2143.682056640758,1097.4073761608452,6.17252884326344,60.940332002937794
20.35300319603076,1885.8157534622703,1302.537511428818,5.328050645266293,47.12870233692229
24.196839292759268,1384.945712836506,1434.390563517809,5.408994080872243,24.051580922678113
27.21623730580993,1654.9204400971662,1561.8129700887948,6.748314772837395,64.90851481445134
19.092236773342577,1140.4371379117456,1260.6115888338536,5.094681483050825,56.72694843262434
16.895804651509543,1316.4840486655442,604.1302991565317,6.915956220870299,56.97510012425482
20.35533513286658,1727.694464932241,895.7528661936522,4.513391430449456,24.24657674971968
18.952105313183267,900.9337218125372,1397.2432422917336,6.422484929133943,22.736837975680828
22.34326528739958,955.7287627042108,754.4855768792331,5.726184701802379,63.68812485598028
27.70090387134286,2351.282599718042,1049.4386793114245,5.227979636005863,25.338008236140013
21.072432702592938,1511.69053789428,540.99724246189,5.379014167629048,51.38446243479848
24.697863116336844,874.1541352242562,264.7185022942722,6.437282267445242,29.243073975667357
21.601272686434307,1743.5683802855126,495.99701799452305,6.69266411066382,51.19842236395925
22.98576892036483,2460.5346336107577,365.3446379117668,4.32507252526406,53.66243396885693
24.04017550686148,2131.1271484673207,405.35171572119,7.894766225849937,45.00408080872148
26.5050753476987,2020.6915991768187,935.9278121497482,7.30455985806444,39.054285692982376
19.513908398362503,2391.8729561399205,1657.1217038668692,5.132274715741066,13.814220996573567
23.711484990863497,1414.2492794495531,1046.628096420318,5.4549326663551465,20.338900689966977
25.703336891561623,2164.8445956760183,470.7010758575052,5.03551685112433,60.29271601699293
25.639658341910597,1506.4571921105698,673.1449138373137,5.434899237986868,13.91613314859569
18.65931171306177,1800.382093181257,1014.3700260668992,6.017901606772084,67.79483328573406
29.6461937461448,2907.232659670063,287.11037021130323,5.572353970451394,52.72123197559267
18.853840408559343,2284.7171978546303,1207.4442114215344,5.634404898743035,34.88413329701871
23.47821137254102,2184.0038568586074,32.88398561999202,6.535165321887474,18.89506900217384
29.54930457693749,1245.83604409092,22.298831306397915,3.9572920649934047,41.83691366575658
25.58713115628362,1406.8820400026434,1196.4014894329011,5.155989866818725,51.4245839510113
18.529988396761873,2942.0582401308,370.0147045310586,5.601092089884022,38.80622131284326
18.434692889518097,1253.3496180133448,691.0077029373497,4.951829553877621,41.74750931095332
17.70636415227388,1907.2396876425364,287.10653674788773,6.242676368200927,34.9208366451785
20.901205408779525,2246.2855298185364,1275.394453899935,5.1881460505145816,55.8869417430833
21.339708831304748,2309.3789861711293,1106.5515467897058,5.199573892359064,25.893018105998635
25.1267058571179,2344.556005459619,109.91763076744974,6.332308260370896,61.78360679652542
24.01485157972464,1718.435505057393,731.2597590498626,6.084005851143053,63.57854119502008
21.02520321002043,1389.5066514400014,189.0751353465021,5.394784765495145,14.639524724334478
17.8516753911504,1646.3713835056803,724.5100814849138,5.270570007049477,52.07980824634433
25.64648665288765,1348.9509957302682,820.2178571373224,4.486284296871205,60.80088363494724
23.631160879726817,2113.534371557492,1124.3614435661584,5.011900790813865,50.10462887119502
17.537515338329285,2360.1775142130537,141.93950411863625,7.318943162490913,55.25292276870459
21.772703483704987,2863.606776246763,615.568904299289,5.473809490456166,56.73097406513989
20.28830273909348,1983.0571914658592,42.6353232935071,6.1394443233103235,32.75491472799331
13.872806950439957,1362.609311403157,614.7295891307294,5.37083145121469,31.265848353505135
20.370329918967844,2312.2374314966137,1410.050201928243,5.926877007313013,39.527306775562465
19.68061791129792,2252.379446847655,1334.1784172225744,5.463091233708417,13.440374424681067
19.203198940209894,1680.8756520485867,1469.1079965792596,6.4547453689770204,51.24196939636022
24.564568260902135,1021.0725480638428,100.01396876759829,5.147456608005932,67.47151954565197
26.71168755441215,2180.654947696957,272.72436772473156,4.303657881922811,54.73202514927834
21.2956179005982,2364.572197820813,1175.5907057784498,6.128984778189389,19.838763088919222
19.41319606273994,1652.4460846470329,707.020188588649,5.3335861814539784,12.595622977241874
20.068424858127564,2068.121409179013,330.7927113957703,6.524385306371177,40.5140686314553
22.779412862580894,1662.0547626247446,231.12532175146043,5.587064786535515,65.66186575684696
24.544027734045937,2141.157622568757,232.01340408995748,6.517618590683174,65.07429935969412
16.470810516179526,1741.3546426425755,1123.489357670769,5.745158871655197,14.7748604696244
20.551949748498583,1627.662068039969,903.6049253772944,5.255682164238159,34.146707747131586
25.23299529069356,1855.8102490986053,878.6912499926984,6.00791902547388,11.122566247358918
18.853671137187614,1658.297342508852,1571.0694992914796,5.178533099264971,68.05430142674595
20.167909955309337,1504.4914177728576,346.1357914377004,6.679331461877755,59.80112595949322
18.793821461240853,1642.0315343788009,1367.4659550189972,5.602608811762456,10.444530001841486
27.27382835737772,1795.9239238372325,394.92194135673344,4.079100034949286,13.919128491543232
25.354253441632732,1903.747570359237,281.9741344079375,5.169480943925779,39.86764191184193
28.168566380445967,2566.2118108129193,259.3789399601519,4.357339651249074,34.679377945140004
19.770072036845132,1121.001084523258,1595.4397972673178,3.9751512857337783,60.6098333792761
22.03002644767018,1700.1904747235287,1203.69131276384,5.541446055761326,15.343960165046155
19.299451178582043,2115.761563890413,822.2403906751424,5.953502445688345,51.979126362130046
22.55506551369412,2681.010451721433,1288.805720675737,4.96700117793428,12.181598632596431
18.15601973378042,2013.0071813077475,1272.8820324875414,4.569810371713241,43.86141791474074
14.82546048039202,1793.1232917623,1164.092500275001,5.078578476940143,29.752201209776103
19.565715994342575,1646.2215452018204,1648.7519561313093,4.414632309354662,59.27570511586964
30.70532151990411,2007.1540820541447,359.36111700721085,5.992101256605049,54.4732165383175
24.85469647465622,2294.528960098195,782.9869612120092,5.9021521035758155,51.440343018621206
28.461019702649043,1708.0708447269735,66.66461904533207,4.383295943303651,47.437633597292006
24.58537047357999,1881.8807034232784,283.35080626420677,5.063151796900506,43.638900206424296
17.773634624793917,1908.468172072192,1264.0455539803952,6.2330512385627275,25.616967654787004
19.19461304539466,2164.638817104828,1332.141178054735,5.382358535270348,12.169233676977456
20.58645992642163,2355.6902035123444,773.5158821102232,5.506661124725419,39.62284636218101
20.230157497193233,1939.5804084698152,631.6811278928071,5.792068156784602,60.030850637704134
24.201509649438112,1761.91466422641,871.7198287602514,5.938783937676538,37.64140956103802
19.08306193800321,2497.331566104288,42.49468417838216,6.344370197096012,52.442949381656945
22.880897377930932,1882.267058802792,1528.189050173387,6.040795758029536,39.43695712368935
23.932318376374713,2588.9259893967396,1174.763856176287,4.535703055154605,37.265594247728586
18.20224187681019,1769.0386711902252,334.42289563827217,5.246301152279372,29.66708764899522
23.60213381423288,2106.9614820968427,985.278059123084,5.711608947057747,12.250241530127823
29.002973267889793,1026.9557028773806,1572.6444471627474,5.4236440867173075,48.45589306671173
20.53180941672615,1743.8040193312963,413.1095518358052,3.9745843031572505,45.547730601392686
25.545057913660404,1789.1027300195572,611.5196839906275,4.969319692503931,18.36821483913809
16.679818375542595,1420.8272912917273,1397.1247473265976,6.210185805926159,30.96367205493152
27.15837589220592,1282.0535577888504,428.15659353509545,5.6106330134456295,48.82632584311068
24.586652722225473,2274.0796512759057,137.54871916025877,4.469207693669696,48.78616211004555
28.34779069324073,2257.0793669638597,753.2902910839766,5.651148344360676,32.02907852828503
17.08711800399484,1150.6340025767702,358.9996939525008,5.388904768754507,30.96555463038385
20.275417758093813,2012.1893974671711,1173.1302324682474,5.9702977113807805,32.11520748678595
18.53511956194557,1243.7273400224572,1119.059911184013,6.974591021225677,65.18440659623593
20.954168580023172,1274.4633869092208,752.2573145572096,4.438869908256001,55.59070076793432
20.678774316894646,2062.706224133178,267.63690412044525,5.14645553460644,18.65294767078012
19.671429637980303,1456.987999953473,331.06534662656486,5.402865941760319,30.068886624649167
24.017942869515263,2296.739991061107,765.6488763168454,4.004656499731362,24.662395757623017
17.548451741160147,1819.2617995376727,700.4084675107151,5.478146002827889,19.733561626635492
29.626957994687046,2068.0744878928617,103.05524384602904,5.084781673461298,68.37584968656301
19.225408356755604,1538.1866510569191,9.921767329797149,7.064921938005748,16.868844842538238
19.636122203478735,1224.3893325282038,1589.398134034127,3.4574166502816506,14.238939336501062
24.482001888088973,2257.376120501378,549.9850864056498,6.541754817745239,54.895762456581
21.149565144172215,1919.035745781357,1732.458737399429,6.205617267383786,18.06444406509399
19.14373188364952,1680.4661202726468,1216.4271536283195,6.014564140734208,10.588992005214095
19.704801223010033,1834.617663272868,1537.7355861011893,5.602768394907363,61.37535474728793
25.507957386029645,2462.954171299623,779.0330737363547,5.002439793357059,30.30220482032746
13.175914509750998,1450.9166826899636,1666.073940647766,6.273941980547132,39.44264182820916
16.799406509134204,1425.2957777684096,1357.878214912489,4.879977054475083,44.31971915997565
23.785573590409527,1490.1924736463227,498.6785556189716,5.986333272503313,16.759480396285653
18.513717071239316,1007.5043658950668,1235.718338470906,5.781847429720246,15.07431147620082
24.504740804522136,2209.814068751871,1658.4250571206212,6.253366737504618,62.025915631093085
22.692987484219177,1896.184823372123,1333.3426564000547,5.082417497958056,40.16666769050062
20.657134337285445,1903.5859871089644,1210.5108907911929,5.093308660416082,39.57336054183543
13.950817778497257,1778.3263228261565,1339.3843171186743,5.711453594668548,54.91885627619922
23.492278265947885,1544.919779287945,204.04087845236063,5.713979608860036,20.37937189918011
22.512643483056195,1388.2906931118882,73.8976813852787,6.461798847801577,12.042619190178812
21.57576266501044,2225.928201646336,671.617093635723,5.839779599870248,45.1346698962152
16.564801975627237,1086.907663539924,902.987038716674,5.601388027543353,21.248911512084305
20.86255755143879,2020.1494709827057,1710.691541293636,6.089833890740813,21.548828091472387
14.722509882052163,1403.6941746211585,1707.2214522399008,5.119474528966067,67.65925112646073
19.614173149753857,1941.1551072727336,1160.3129748255014,6.265080327395367,19.735552272759374
23.82232082499492,1429.6547389049235,567.7941642701626,4.784220877296887,25.381287788040936
17.99115952173185,1538.3291586579849,958.2591074053198,5.736703159961011,45.23588273208589
22.68883135239123,2684.6829585135056,1214.378090109676,4.305207965471089,20.01990751363337
14.105094867769775,2134.1413094667564,1542.954508541152,5.67251448074467,48.65348193328827
9.753045215351111,727.5514878621702,1002.6186896022408,4.402425808200577,21.73143675085157
25.35014893455623,1863.2062080501585,169.9076761957258,5.337960538524267,41.9231373956427
23.521460811638267,1574.0935318713875,1280.2328320685774,4.269781184953478,29.92169533390552
18.34642158254398,1231.6869061111656,1503.3989076968282,5.052266119070876,44.59859513677657
23.895388069633327,1904.892945215597,707.0389829110354,4.956683163046,44.424772639758885
18.324807859081464,1864.9827580096812,350.5086801946163,5.888342257091578,26.65110708680004
22.096068806435746,1635.7467137159583,465.1122554205358,5.092514508940006,24.449200206436217
16.03333633460339,2786.351783668725,66.8633870780468,4.961983428689216,64.21951565425843
25.869832857408166,675.6549665917212,951.6302361153066,6.355060981470329,44.795921607874334
28.24952703146549,2219.109693639246,1063.372138235718,6.668419286770451,39.110574601218104
25.151557653038005,1655.4883647687134,1048.163796029985,6.265436268947173,55.518741151317954
19.04657260953278,2128.2567052896916,1614.6798416040838,4.456130246400985,12.63757074251771
21.56366390847642,1573.001149680659,767.6715741399676,6.39365715781668,47.89798013865948
16.652784223148206,1503.0677187774509,427.6484280824661,4.640023700482208,47.47299280948937
24.39382027712432,944.8101668026868,922.5736994761974,5.449634284612735,56.39920946676284
22.79791740414637,1695.275785863631,119.71529102884232,6.014120742318915,33.93861034885049
17.811227449723344,3039.3729006785447,1187.2669496107846,5.3502790437269825,22.69599303137511
14.384958546910516,2294.8511040646845,1322.3127608187497,5.394725037467529,48.56949132401496
21.619320873950564,2637.7860779134144,393.8763798214495,5.587767698361387,37.069356348365545
19.578746256510353,2257.4826591570204,341.66973447427154,5.799500615474566,43.53445519693196
17.69881358996786,2372.1313539809275,1571.021442906931,5.78794547535128,54.804831449873745
17.553518986697636,2251.4382072495537,525.3603540826589,4.2915471222933554,18.27656681649387
25.42529103092414,2037.6962158825515,1775.0223002862183,5.3770462361580735,41.31483960431069
19.99860230841527,1508.735613001496,1312.4625275842843,5.7007869662434825,17.575647793710232
23.27675593987209,1533.5326313382625,1674.3414564058185,5.913518008147543,45.05305502563715
9.533697845069131,999.5800018123558,1353.1678246334195,5.277847801086159,22.457043579779565
20.433482803314927,1797.0911430600038,584.5752922352403,5.0081438516960795,41.21690377127379
19.27087220343288,2249.6778379283564,675.7328767329454,4.542688538882814,61.39408617746085
18.923830030067982,2315.9612782630365,61.48841748945415,4.989834925756117,44.35410218778998
25.354370598855155,1847.566352227709,1610.6886726804078,5.4149325520499545,50.57713787537068
15.522171428818204,1526.1861913890446,938.9002973679452,5.055355765788765,39.409475196152925
23.41162652207295,3445.2587216592656,620.6448398530483,5.916291881684405,67.38248678855598
23.008265717618627,2168.342765625212,1459.1598082333803,5.757250861628432,18.147926800884303
20.436910769178983,2510.287652439568,1425.2833281643689,4.373883095719609,34.90633023902774
16.277544601505525,1631.159679666338,1407.144496170804,5.72213229135883,44.1440201504156
24.89165374738514,1781.0211864727028,957.6698265038432,5.87919326075256,47.75119151454419
24.091614086175124,2024.303548853363,196.9127470627427,5.31707110705984,29.465362816117704
14.948975023231148,2638.2611559741467,1599.0111170802263,5.481452966623545,60.58753349352628
17.73056324334368,1644.2627272719362,239.0801887493581,5.197433185132386,65.46804148238152
27.866086911867455,2226.8078333915346,1493.5942753683776,5.294629280049372,63.98560672998428
18.298719600350296,752.5926828398854,995.7559393253176,4.795071912242881,27.891883119009435
13.568450807861414,1546.3727829591835,1003.0875254888088,5.7976453197479305,42.51709080301225
22.167443720961675,1153.9954616183431,1321.864576684311,4.642628385365159,43.62797392066568
23.143255493520996,2356.6813586785493,699.2218435741961,5.086674741271018,59.599233558401465
14.217953560985212,1717.773455859871,1455.569698708132,4.860453351603057,11.453973888419569
11.62680924009725,1604.812958996629,1533.7883685249835,4.890357599950332,44.3911390658468
19.25333507131907,2484.5499230992873,1427.151620015502,5.242011052144499,25.299208825454116
26.305875416589572,2358.1364291200125,750.5699167493731,5.160323238735069,51.452756840735674
25.645243311121018,1350.989398266251,299.7509432025254,5.010026684572575,22.222426356747743
18.11410968513212,2013.9332438048232,1304.7135394066572,5.322596272252163,20.709524489939213
20.152093677909136,1185.777715743875,170.38446525111794,4.390571674344574,63.45820475369692
24.77714714913292,1562.1924878944103,102.37329262308776,5.577726857264927,37.70485701970756
24.510167408976265,2608.2888185734755,39.748659962788224,5.942292311269797,36.39723723754287
22.99649367593443,2525.0639756652213,1174.1177702788264,4.601830915576265,45.24349738378078
18.67354467630885,2354.5093777334187,1247.7545075118542,4.510829564884896,43.45763801597059
26.59788041653331,1514.548056834838,333.1785987596959,7.062397977077323,47.38597462885082
16.377293676651085,859.284264862223,1433.1534046679735,5.6676550685689024,47.08147932309657
18.407505541777823,1212.150907987921,1423.4385525807738,5.537235048833361,18.82183723617345
23.553113446714892,2276.27826231376,1136.714882729575,5.361044781096087,27.86024562548846
22.801089261446112,1654.7160569174562,1719.5990576874465,5.844853432784521,55.88959919754416
15.464214787274129,718.69592721601,260.5888023041189,5.526068742765262,47.09104822948575
24.099073738678644,1709.906256141769,109.89596312865616,5.117861633350287,49.22209658194333
21.35087364575959,2505.119610562288,1694.747467059642,5.197266753084571,66.04278834536672
13.624298438165416,2121.734320259767,1524.1347692906857,5.258860705566514,46.53572733514011
24.0020646177553,1389.3707282352889,640.1459272485226,5.276231422959305,53.882814180105925
18.520399032353513,1027.041673967488,722.3012953530997,4.97381078848212,19.930035322904587
22.88414241940874,1386.7263871816058,1732.2898764163256,6.251871066408645,55.750605002976954
25.628053891160025,1817.2638356607613,175.29141241684556,5.565675508961642,56.9603208033368
23.245876113623275,2244.0368504560283,1276.7776887863874,4.958853219358229,22.11959272623062
21.49271212125464,830.029922604872,996.7217319644988,5.913874114463892,34.507849449291825
22.68618941185918,2311.6008776370613,1589.4681082572788,5.745159935074692,44.26298888865858
25.563953649312076,1802.728863294011,1319.3681546486914,5.403694293171966,39.23816894646734
28.46554345926908,2084.889484802914,1133.1495341844857,5.7806173069280495,46.9222790421918
23.0467156602858,973.3722183825648,279.90137357264757,4.865534703300894,26.23681482858956
12.442978212041016,1466.6728099389093,853.6058088764548,5.360811823206553,25.37206955254078
21.776091958586814,1575.8829053672382,783.3373532630503,4.800591706970943,57.00761302374303
23.98179942510918,2321.945674154514,280.1484695635736,4.671332695903482,42.80419592279941
18.87967738074161,2314.087023697708,1499.6470768935978,5.268020944872818,19.988825167529285
24.716622512672547,2017.5452296241683,518.8439901452512,5.617617360873939,68.54693739209324
24.608924172750317,2602.1060908119425,1144.5958951022476,4.860896128521541,39.30784752592445
19.3295166399112,1542.2944001273172,866.1845464725047,5.377459310200878,19.89375534467399
19.76683966699809,2306.268596886962,1018.9263414591552,4.218687715379634,22.811693930998445
22.291662963867054,1782.0299851046404,1099.9019571114331,5.187283923645691,52.591022686101496
21.226433866956636,1466.3289519117957,190.89038902893665,6.319467092308266,16.073555340990424
21.7366201340905,2261.6900191654186,876.1497999541461,4.694008871624192,18.487085844390094
15.276436780693889,2490.55016542475,292.2442745883018,4.6649475859673135,34.57041068933904
17.20178967388132,2239.1252080924246,772.8704801760614,5.346096979045037,48.25477980542928
15.068410357688888,1545.2982722888682,1206.8559132982043,5.874269513088188,11.439514504745604
17.492431311650083,1565.1061829224504,1031.0246338136494,6.365276415864206,18.924788059666753
19.78565248415719,2488.8379234030012,480.3764680400491,7.357618510022673,25.450166761875153
23.909167110155593,1976.4132032088744,540.0178200099617,6.060625266652326,53.35134253837168
27.870711637298676,2214.7869896605603,19.246790930628777,5.970017468587564,35.88441411498934
19.492061106739538,1630.649008167847,532.80159230344,6.919546881946158,16.13922700751573
16.212092580421405,2430.517468232326,1266.8504966888577,5.289352987291375,33.02345868200064
19.4404640564532,1395.6224275189036,130.9268358629197,5.35065541614253,40.49013016745448
17.07856971395922,2112.675760433315,1754.3584601953626,5.677289104728715,41.17484526708722
18.71686731855514,1391.412517215944,1442.3388029448688,4.50593836861163,64.60546614136547
21.123055912607853,568.712491707116,1603.804740915075,4.21519434120041,20.350903254002333
19.913631887635592,1128.5212446601647,933.6895812302828,6.764752561826787,34.718345357105136
13.831644471044886,1868.1475996050808,618.132817838341,5.097502980242734,34.971121260896325
21.11420382985724,2241.4613748129136,840.0196893140674,5.179483400244864,37.458007372915745
28.162085724427342,924.3489584525925,195.55383939296007,4.8049309638073945,12.162030157633126
27.52779955884811,1174.2877655402372,412.8685050643981,5.600850817666196,65.19213448744267
18.819826153493818,2682.272998287743,674.7736580204219,5.913798365704983,55.17035803291947
15.637258517659005,1583.050325088368,723.8784359302372,5.339972133488614,68.74838207382709
30.23617938407792,2052.850065965301,1198.687527794391,5.510293285483161,63.11754275113344
22.602053718267104,1536.5323393113397,249.4195039384067,6.165975040450115,69.60927188396454
21.102454440055467,1650.7085574242476,835.9135198406875,5.4924623460903454,32.51891918480396
24.88838528450604,1843.6221033026188,264.6371567621827,5.107059569476097,30.81573047209531
14.55857181126929,1805.480921399503,995.0901207514108,5.4575729429874436,56.687631914392114
20.938649378168613,1703.7198944789675,49.491392355412245,4.910371557766402,18.740885793231428
13.491329524952762,1565.101757428131,1448.9669512957337,5.571321658547672,40.185195985250175
16.708491860368056,276.0695551006381,1506.376561196521,4.871451951096156,54.5515943877399
23.387705396956516,2734.3277501668517,362.564111687243,6.475747811693672,22.083850600756705
15.570515152350373,2695.2121041215187,990.2156719006598,3.7594332669333266,50.106091792695224
23.049988490472604,1249.459129140384,1103.3140756655484,5.780905895067475,36.62716674152762
24.444333241752663,1715.946238945016,237.68095783889297,5.158380943927364,64.03841438237578
16.617725856422965,2487.6376523562467,1255.1380136981606,6.89100416570486,27.604760006070137
20.16547814025148,2299.145011526101,1579.9405430909246,5.335875598518883,43.58211175072938
21.860187976541667,2438.300809372886,1710.712224477902,5.8372861522795745,11.713517061434686
24.281426488654706,1264.126540920102,1320.9848414640874,5.7708257784430375,43.83292955812067
23.13935515401258,3088.6340480989843,3.0839104671031237,5.673370686535744,44.302296843379736
19.46166337667943,1233.270020114836,1387.92981589213,5.862683884745458,66.09738804865628
21.794456774184205,2176.958170941644,619.5622286293656,6.898189613718863,50.42945289053023
27.54812134582656,1870.6379902228448,739.2418927978724,6.14925617657647,43.86060626711696
28.483368619189427,1598.1448410189844,5.639649974182248,5.637496904214306,20.191266862675548
25.522156899653012,1610.2921009094905,605.1497904583812,6.7531863532912055,55.14729152433574
21.09895566490269,1304.3015937344985,583.8937119115144,5.908238424432971,28.245391016826034
23.003861996444737,2611.3298978784032,829.7012467402965,5.955233519371159,51.15944154094905
21.15640783057166,1844.7566138813756,1485.584498103708,6.3715211040329525,17.332868804223835
16.284710069057326,1929.6089746071889,1182.865584595129,5.612774638213978,38.93584724981338
15.107046280306092,1904.8164165305177,659.9118861369789,6.007843484020347,15.20886848680675
22.31147283646694,1612.4146234695668,1418.6157580465078,5.307863847307412,27.78341355267912
15.821893976816629,1232.9893776224762,686.9546328205615,5.587385245777302,17.769867470487952
18.909011951625654,1926.8631548419808,1699.2409341037271,5.527749839129221,32.07111838273704
20.833182810280785,753.1802750205366,1389.2694917041808,5.052186873727397,38.26748082879931
24.606571806077508,1090.716528582193,549.6325850486755,6.924257253250899,11.540558375418186
23.456512417672613,1261.8016525308096,433.7308441288769,5.1087716804278145,36.20365299284458
20.23202571347796,1260.6605686638231,278.85302044451237,5.250954412529585,63.96732897032052
23.149459446819428,1853.5944082835404,1598.6679975874722,6.4270921732502115,23.56862639077008
28.037624245820204,2599.2437741623717,972.3036072682588,5.485564439539715,13.320623487234116
22.629735442030253,1042.3379279675169,1631.6599312238395,6.3176884990324655,28.89712035190314
10.832174049804548,2016.8380102983056,1797.7407816331834,5.074850015359632,26.64163381792605
26.60018555043831,2249.7723766605195,999.373063724488,5.491010838486193,38.40082243550569
21.97162861068141,1305.233898855562,601.3825348578393,5.324344185101506,31.3340754667297
22.4886944437211,1773.6002992387605,1203.6542245186863,4.8216204517153365,50.23788475897163
21.768336086153298,2211.8054513110283,1573.265619110316,5.2876816326430935,63.160018268972635
18.33240658095902,1672.2454487263058,1760.2830420713872,5.041313002234371,34.94277698919177
21.517538079904707,1689.6578263743936,727.1363765001297,6.1002131274629345,41.38397369533777
24.110997325334157,1953.863395605309,1321.8769839964807,5.296311491883461,30.290537155233324
25.139295961427635,1769.9933733333646,569.0372428391129,5.442053156888991,59.64836401399225
25.49521863914419,1522.173555030391,821.9434483442456,4.920508715036639,19.83692437876016
32.24260391339624,1730.6924902695544,429.7009558416903,5.650639303927651,33.05742209777236
22.919013039637075,2741.4198961932357,1246.2168050464245,4.37164455016746,50.717654530890286
22.581244373113403,2236.8343398030142,749.4267521426082,3.435089751001741,67.16053238604218
11.43255598877832,1342.7014635861883,1241.6371896397322,6.816074440286084,23.83258709218353
29.638569630475068,1177.54118883434,1709.4287941697985,6.0300831881958885,51.21220405679196
21.794180230235344,1620.008879658696,91.70416085980833,5.944310043842311,15.15758459456265
30.158414919358304,2464.387350473992,1113.5079803410918,3.9344442139379048,52.47470120433718
21.466652660433365,1946.3395592084764,1343.973870528862,5.973990381919032,65.58223576284945
26.443988617780157,1449.2473815796693,1236.5773926023394,5.863869989404637,58.59405136667192
18.838999773109705,2241.11728390901,1574.0529807284474,5.445641471020036,20.50320588517934
21.73025051521965,1733.314805638554,1438.5441678576171,6.077527133857623,14.148355131037532
20.09003081469028,1239.660750354291,1588.6003679595888,6.284398321494337,43.192992261610925
17.958898980572993,2030.5962271058945,1765.5394073110074,5.414485480569137,39.748096065595746
20.55604142970967,2562.0714050894057,987.461090600118,6.861735954361179,59.59944215603173
23.83386734422944,2017.234149066414,1405.823333049193,6.191853889649864,45.093513117171824
20.06495275669233,1896.0001855694643,1043.0715518072248,6.35706976690005,50.59441911056638
15.434690973158052,1471.878435791471,138.19301635958254,5.279417669617154,23.29727526754141
20.684960491105805,2084.1992654347637,843.8275045249611,5.408214001036949,29.33112141210586
25.345477826861973,1264.7147325548071,271.22819842770696,4.854190204282269,40.29131259769201
23.46194651249022,973.4254877595544,1001.2921176385134,5.785158359836249,66.60519260447472
26.163985544053535,1778.323615753123,100.76190861873329,5.684808004066355,24.121004454791542
13.254269525646636,1782.703247100481,1325.7747969590127,5.5638984877591655,26.202261354774237
25.463109994463448,2982.5277660014053,3.952745860442519,5.023518799793973,45.217964234761894
27.39993851962969,1191.8263460540506,157.16610671952367,5.337621353408311,14.284492256119847
24.237663845414655,1885.453161674522,1622.883626818657,6.889578247935212,12.22867542412132
17.839702037860576,2202.5265468110965,1753.4842926543206,4.849588450026342,54.50092379935086
21.0343764255941,2325.2964220579424,559.3510765582323,5.215736837161663,46.71710441354662
26.484584545034657,1794.6377576703385,1155.5889274924994,4.517597212331279,55.182487736456096
13.799022056112651,1428.371929285374,1176.4219202566892,4.631489652696848,25.73794539552182
18.946357543715923,1767.1079740650064,1102.1075162105262,5.29926435899537,58.317142985761166
21.07071322924497,2769.8779959685794,1586.3783627282828,5.226098888749046,59.57331232726574
13.308824225013009,2041.3695040879163,1406.6935711540282,5.068168905037199,21.09372405335307
23.47483754977098,777.7614637209631,547.8912999853492,4.958308983326982,11.454489445313811
31.219784622596787,2511.729564325125,97.22382053732872,5.36236115374672,30.378261748701338
21.57363627058503,2070.2513304575405,803.3737052232027,6.293814380184304,41.017314731143415
20.58568930587902,1783.2141140812375,766.8315314222127,5.249539170131325,69.70039341133088
22.46024226305407,1791.0681894449506,1146.4681976940485,4.601757295463827,34.75488384719938
18.862318349624793,1725.1051401032985,1340.4643224086612,4.75166373684952,34.27950195968151
24.071098959794032,1928.279740477625,1060.8341788407415,4.096956645650208,59.59152843803167
25.118331666992987,1548.0665334814917,833.1367302685976,4.302638574447348,60.28317931108177
22.8261567996864,1938.505625830004,394.8699484113604,4.976805872065924,13.42312962282449
16.84444273021561,1334.3219875896295,816.2628795951605,4.816509177135937,37.51936284825206
14.58232489033033,1900.0734376373784,1381.5973999444395,4.695681722579218,27.495701904408634
20.233514807090405,2353.4187103332224,464.8319100961089,6.892470557665193,28.606898519210517
23.36987657652204,2054.6030568269007,1273.2151418924332,6.725791757888951,55.703484206460416
11.962061332390215,2316.874838225556,1401.7059896606952,7.295086510429068,10.866744332015514
14.367591685449431,1254.5656190986913,695.7025598734617,6.043547131078936,53.8012030813843
19.718653358910927,1827.3963922362984,555.40911401622,5.387126018612515,17.68530356697738
24.97935762287816,2108.6251513610314,199.40725634805855,4.769717513884567,48.35228898562491
17.75432656690981,1265.997566133358,863.803080143407,4.729463616504654,12.69417671021074
23.56858886632795,2582.9071685292297,1326.135760685429,5.152188236770455,46.81269345339388
22.537779945819644,1282.5959945073691,931.8999782670288,6.396364648617518,17.27250719908625
18.331702941808143,1882.25935425292,1661.9128617458043,5.96652939363738,12.856247150339186
27.19723619934974,1875.9161651775405,26.02544892579317,6.122650138090622,53.21563730482012
20.605514531037677,1860.8351509834272,1649.3153734132648,5.369015000584373,58.15795593429357
19.08636786186408,1694.7877081782658,1043.2973430957643,4.412454559951864,55.968330539762974
20.558187932980417,2024.9683935731025,1455.423934897408,5.728481870245707,45.1251309690997
24.248835930635124,1284.4177540512685,780.4058337584138,5.349771619554852,38.72660738416016
23.726833810184132,1155.3179058883886,566.0998564213514,5.287229184995468,12.087067989632487
19.16029998368847,1472.715680943377,735.8863948378712,7.028921259874594,24.411666924133897
25.81382713352124,1771.3379480761105,535.6605622451752,6.108783898252987,35.86890014819801
27.962960703762185,2428.373910178523,216.2613994907588,5.340115657418875,51.00940557196736
23.601889651380976,2593.7270699322717,501.06952493079007,4.1675875063336765,59.79396363720298
23.08839950559308,1959.7407312723728,496.006381418556,5.299350970493371,19.486590777523816
21.859985279844363,1990.795811346574,612.5047990120947,6.19327224407013,55.553048169240355
32.54662234627328,1678.1775581802774,33.01367964595556,5.760974694899975,35.93840439803898
20.99642720827839,1824.026542026517,1369.6116400882602,5.690475157610861,25.835626600310206
20.9521322539371,1097.727069449104,804.8972104210407,6.231565547389662,35.25295180268586
10.721968922770206,1944.966864447882,1082.1199561469257,5.381693008949623,59.07718138769269
17.172448632138508,1532.2232088531275,188.80810257978737,5.2579385823482685,67.43532604072243
23.51812129747307,1967.3393865502744,57.06196669489145,5.322223706431723,30.741835138760507
23.82818906797158,1627.0093304227491,332.3290371336043,6.014159049222492,59.14972696918994
24.93792328133596,1469.1921325817766,56.52218470349908,5.311456308324974,48.92524620052427
22.216406916751588,1690.4443115989768,1689.8734016809613,6.032210799707343,22.176385736092925
20.572577321835823,1616.5475446831467,883.604346960783,4.640271466448979,59.40606048796326
24.52494914875428,2347.289103921185,1444.468676391989,4.610254485032585,54.26276777870953
17.292130763256765,1904.604041218564,1007.2683550883085,5.58916852581451,49.1166818421334
18.57298426596239,2016.245713076608,197.7482840884477,6.032268210591619,23.379924157634377
19.027278618766292,1179.573207099612,18.925557006150484,5.214642958784457,25.41844201274216
24.63470980026686,2548.410854814009,778.1594321597368,5.09580505855737,33.82989221718162
22.549860373620707,1879.685220580381,372.8199523407966,3.512436683163774,57.633215016685426
22.805306045723825,1371.8592982983732,1451.32188051939,5.762024611954674,53.72495303396136
20.169807154390153,1954.5233227234105,919.7890531271696,4.86800151488003,65.8131887530908
18.723524248865697,2235.2170149224385,969.6357807610184,5.781802434328147,10.514789447188376
17.51484937061022,1108.1614308492194,1670.5801096279174,6.499048206067378,20.583618986420333
16.178226873476422,2645.053485015281,137.10194318555295,5.15285666785087,47.1326555358246
19.202392166963644,1720.984647410819,39.71559712663293,5.987707767087716,35.6629068730399
15.219600200924589,2360.5853903243224,1004.0870712138712,5.393217958691656,27.84717470407486
27.65213175050778,1836.1306595444576,188.3857791312039,5.75802324499816,60.53370211739093
20.19000702200465,1633.788577716638,473.5575375147164,4.690940430304305,25.06609594449401
26.401824385895203,882.5399766865679,252.00500842183828,5.792476516449674,21.826558052562177
29.239851997521072,1249.9138907064043,275.3701364155859,6.413473081114278,12.093850681558251
20.156975465292255,1779.3298500412843,1025.3084327559918,6.757698298934774,12.566378768533468
24.819349570998543,2213.9262725585713,105.38868480361998,4.6688335416000415,42.94700361788273
13.595797933829944,859.1606729227141,1133.3106628619134,5.873579505850052,28.624377455562353
16.750919254011336,2487.7205561621217,1324.800545303151,5.144383080463973,20.5208946345374
22.20405545076249,2499.495232151488,673.6013155896217,5.865904439672607,61.41393071040511
21.388142894572287,1228.3418720445295,1269.4015729241073,5.375075296280498,67.14815759565681
20.673803347868223,2036.150281096555,96.20139431208372,5.326376714078945,15.19737903494388
31.587142453389607,1283.1803933228944,1050.7645145058632,5.977469647717803,46.880328580737114
20.7399397353542,1737.4000106558583,475.49990275874734,6.0223410687150905,34.11698023788631
23.28484432162227,2264.3313694233416,324.04330163262784,5.695353926450247,20.180013850331303
25.04626790278697,2234.169823849386,517.6331886090338,5.824834567432395,59.91745815612376
20.63520036033273,1375.412698183261,1086.9083668570966,5.764922288773302,50.07388494443149
19.15918221468699,1606.681772762217,755.5160790681839,5.694861801087096,41.12286873627454
24.74634517812725,1311.9182145014172,1144.9591592419893,5.563861112074868,41.6022679861635
25.344638954084996,1969.7718299524577,1705.8474462479353,6.140927158035379,52.87692434620112
21.041716368172864,1020.4624177831136,946.5025825425982,5.9969295045787385,61.984652653336525
24.902980190715667,485.33727922431945,448.6963969655335,6.0557529870004165,66.86859842389822
19.59791127630468,2534.9061409364294,1337.4795765616,6.274877948945868,63.72635519132018
25.201684481119127,2936.7364564973623,954.7121298965068,5.8845361331101875,58.9687010506168
18.639111334879317,1572.4832298805857,245.4063626937568,5.392901169913734,19.125594669021662
31.98592248493201,2180.551243547446,432.506137015298,4.737370703728316,53.36821937467903
20.94725099339617,1796.2486081451395,212.87467181682587,5.1583772823388845,48.6520504578948
17.584396314853468,2537.156899857996,193.40200913138688,4.891031557889444,51.296918359585106
19.0821274622552,2077.0719662846905,1171.400409657508,5.291043989117323,21.095431908033788
20.603821986027544,1901.8319825580752,1327.6706501841545,5.132293799151729,17.400822080671787
28.079604257111072,900.431774117064,804.9601912032813,5.362319928886134,44.030599407851696
26.852579992619855,2341.477840398877,264.0862381551415,4.7832700572080284,57.95923481229693
20.031011685101397,1624.5731924765723,1512.9406810272485,5.064388518398232,60.53439405746758
13.058897852329558,1098.2549576424867,1794.389350572601,5.7489110099545515,52.367647886276245
20.43079328833304,1699.1016675433348,35.018577659502625,5.649524167451832,63.21747868787497
20.447737417319424,1736.6109201038485,966.3742845878004,5.217151222899501,49.40525097306818
29.911616644074424,2329.603436333077,1433.4959365893155,6.208975632435712,18.955609309487045
13.729364629755256,1216.301983868002,943.2416911236942,4.351209391066853,41.368431956507266
27.192578168834864,1521.1781863407775,443.8801461830735,5.83793102599229,26.577320131473243
19.33431481048414,2544.0599641915796,852.2493868600577,6.5988813969844315,16.11134868580848
29.08621129726951,2479.332884385016,525.9174342267215,5.214506569225967,11.85468184761703
14.219331431185786,2381.6072719511812,1741.2886696401983,5.771309442628593,43.662097891792655
20.79937996354162,2630.7619726739404,1258.3709917031229,5.109198397673005,55.29695835430175
15.56998601961013,1902.015489914948,1343.9367378596216,5.48458947463194,63.71515913400799
27.540453242624352,1509.0581565651123,24.537487607449293,6.070922423485678,55.71390824858099
27.770200314657465,2077.602030931711,721.6392134316266,4.860189863024505,26.22183041647077
29.35200258736792,2329.361562912964,816.9604794122279,5.111625441575604,53.85475711431354
26.53285081574235,3006.816635735525,219.18393820524216,5.872556343169394,12.151799192652106
29.984178125282895,817.5088336444061,462.96229767613113,5.79099678280712,46.79766203276813
28.178580940611905,1936.6178515334088,269.0382313448936,6.064801427268618,68.0182508053258
21.220818154609734,2127.397291434823,750.560732698068,6.376923737827558,47.330731893889606
24.740507373592763,1772.7006723198083,389.2138598486781,6.038896919247061,27.176950057037175
17.289490203754564,1021.0888757574442,940.8443167805672,4.745657174950767,30.106745222583413
18.465032871323153,2170.7504460431223,1598.0528170242906,5.60764695658077,62.37586710136384
26.09403183312255,1410.45712936804,929.941000090912,5.220638805825726,23.71725695207715
23.869846991915317,2052.9307494152563,765.096527338028,5.495899751321044,54.022226156666875
24.235125994604655,2253.775853008925,531.4344439655542,6.1421536487724,32.25575965363532
18.635362476418702,2441.9785052372968,404.0377882774919,5.693308810708538,67.07887757569551
21.29478828242575,1021.0681013072154,95.7195987459272,5.60863185214622,69.38256336376071
16.69805613616807,2340.8709240895582,1414.5066029392185,5.4159196782215515,38.992794626392424
20.40714492164724,1421.5093215269903,1724.6795194689184,5.777912953399887,46.7514671292156
15.120100664075162,1155.4902630755196,1639.2896046862006,4.674962368009298,32.91514300741255
24.671860975421787,2457.1603329597174,525.434861658141,5.204916383195018,32.26994972676039
18.218492124395233,2373.129986632488,438.61407595686615,6.631603225229984,67.50317063182592
29.652181559876805,1678.7083661474985,553.9800908882171,5.931285990308393,47.22378663253039
24.070170458991974,2179.7703531191723,590.7316463068128,4.8267441812646394,69.06873065978289
17.877071484452433,1369.8371292884692,1106.3046888448298,4.640010338455509,29.78589324746281
21.53486168508099,1724.4842104739782,1143.1073483079672,4.828468822487496,47.497258516959846
22.00657601160496,1753.138383119564,194.53706382773817,5.906109799594309,64.12505574058741
22.79502811063533,1659.629972747998,896.5212428011,5.803211275207829,44.04608690179885
24.717258457729084,2167.0493682486212,85.62413910403848,5.101992387801216,58.19838073570281
16.39162137872434,2568.663767747973,1183.973976876587,5.241920961370746,56.26373182982206
15.679939854377384,1572.1144686105488,1718.2682101149112,6.184759648667924,11.478856685571373
20.031903876126332,1783.6707738221355,1722.1569542773068,5.285048473023788,25.037262714467943
25.640248697934982,2618.3786745827488,1638.6529790237546,5.459113504108384,26.68860607314855
25.768479038660377,1635.479014736731,856.6629986744374,5.746773623011075,51.44180283881724
19.507910728747905,497.98091469644805,664.6064589265734,5.372370658643774,14.568693325854838
25.200556929310235,2056.9918932239657,701.0448924265802,4.985481516918039,19.6709141228348
18.72552803404736,1356.7659944443717,1693.399518309161,5.210941107390513,40.04102449864149
21.49918702018343,1300.730796998037,1235.3558622300625,4.743299695360921,32.98301110975444
22.78983899830033,2510.408406792426,750.5356548819691,5.828518831205372,39.571980237960815
31.708058290447006,3023.9990035076157,864.5802548155189,6.432428085762277,57.19956232234835
15.22458239985922,1280.1087292982286,1344.754119263962,5.670983845108368,57.548823319375515
20.435105665332777,2315.51259083338,1322.857923572883,6.068910458335688,23.36473543662578
14.33571265540674,1752.9260808151837,848.1260642409325,5.04420548254597,17.2806728631258
24.137838360586983,1870.903729610224,740.5017770826817,5.401783856615503,58.154596886597574
26.215206910213432,2411.1183507282017,723.7423255573958,5.404721490384473,16.198368975892663
26.157595732846783,1906.837259220533,1208.3510771859435,4.498551562430553,51.53375304304063
12.56939009582613,1374.3173230696211,1243.3429656084627,5.562225059771763,33.52369745261967
25.332806104407386,1564.795562628569,106.09062812291086,5.835466081278309,65.45062756165862
27.88839416235862,2143.0676276494364,828.3618810586631,5.978384518877162,13.227765075862408
19.61398501671673,632.0263340700496,909.9838437046856,6.42095782854229,69.08989157062024
22.30268232075407,2347.6221909242363,282.90518363937736,4.469145394255751,58.172923414967954
22.218451473576906,1016.42495058388,545.1332125347108,5.932356021314425,26.95111595094204
24.378915274545214,1810.9655314091913,360.3865770623088,6.001951850982821,29.999521947465837
26.029289855892173,1704.82051120402,210.44988236390057,5.352981934382656,49.11807369906455
24.674189355109476,2446.5347430121724,1532.3647265788168,5.921721532924037,15.133513598702848
21.783248650575903,1894.4246575283148,611.600329214707,4.50982726768081,66.42772083636373
24.45149803639115,1850.969567452606,111.20471516624092,5.650076271758537,31.36630416382104
30.468712371293083,2149.067904429299,1161.0930458642542,3.3096382660258006,44.73318352364004
21.600481382938607,1386.492721904784,1374.638109840453,5.7184408122018295,55.22307880688459
21.856361450338685,1702.050571966812,966.2169956602156,6.62109441850304,25.396968303248286
15.9178166547108,2388.792206903884,904.403614718467,6.579390919395765,63.69541262742132
19.929040433078335,2141.7368104899256,1360.7945858035237,3.638231434184873,19.55462556798011
18.330174253227895,1162.2516466237362,1594.84037803486,5.874518789878897,64.71929991617799
19.49205923882458,2118.97818370544,1487.9191473126411,5.2551953039571115,65.15859039034694
18.993562266043273,1111.2051876981395,901.589056290686,5.482494359332479,49.18335893191397
16.95273833384523,1500.844598140165,1433.3330187946558,3.9487065810005513,69.71991401165724
20.07538345024309,2405.460191928503,347.17400749213994,5.769528350822595,49.739705310203135
21.128949113482275,674.4774122770741,671.0109416395426,5.131295518579981,18.84883312508464
27.273663699229093,910.4929045595858,732.9556309618056,5.761722642229206,53.298965925350785
27.699204913380814,2450.6863364132123,165.71386428549886,5.366147259750365,42.64050167053938
22.54924669406454,1392.6036079736728,3.617611387744546,4.782193711239403,68.72568927239627
15.152438771415357,2421.853509289456,701.2984701432288,5.733237435275012,13.50595018826425
19.76550352754493,1715.874899621947,285.38758610375226,5.9165483499177975,18.50097847171128
17.42273493221262,2013.8878391814617,1582.0743116084486,5.53802350120151,41.66633911430836
21.225965458371935,2206.6394448146193,1062.8621861804277,5.896971111206659,51.072071362286806
18.91062379751666,1474.394065319978,812.982366560027,5.175192559884816,32.76119421236217
29.150116122176552,1647.7045384266974,958.8688803836704,6.399360570541991,31.550227873958647
22.63669212228677,1592.451415177182,91.41258001327516,5.249419402736038,39.711492895148695
15.075803197372018,3208.042138011189,1356.1396405566484,5.094243677107839,63.4037609398365
19.71747260661434,1863.0735345487897,1239.1601214185357,6.22911494773645,69.88619933370501
19.287642094376235,2036.400211555543,230.2825264167041,6.280417526754516,67.66865865327418
21.325444399082357,1629.6232295295251,1099.7261433396488,5.976458945970757,14.857264873571694
21.426198537053796,1679.1046786726952,1169.4453064352274,5.654354661948273,12.06442937720567
23.56282757148767,2489.3773344286565,619.8409583419561,6.6164201892536685,50.03023014869541
13.792489819427956,1630.5581652313049,1240.0257146917284,4.792551374260549,12.948244363069534
21.811236834504527,1810.0681513803804,1023.8694431260228,6.296438995059053,67.99439530819654
23.747587155985585,1988.4810820705336,498.071055393666,6.70007568413946,27.568956748582423
13.376937125808457,1584.1381274810617,1646.20969472453,5.538226701895711,26.23553981538862
27.57284855210617,2779.5320780885163,82.8713356051594,5.910005402761781,39.15508856996894
22.26015045175864,1085.7701938894136,1625.511021539569,5.926791535549851,22.37772755790502
28.78404887789558,2805.6464899228126,1471.4761889073998,6.335507405817259,23.73353385366499
22.8767354218422,1624.2040555604103,583.3588425535709,4.898832701365459,41.15591138601303
21.932063189583392,2478.5598234247454,751.6236401628703,6.126994335344277,31.957365325652063
21.66336859296164,800.4112944962648,907.658247789368,4.303737053681752,64.19763846788555
21.29778233643805,2278.0403107142265,993.7608623877168,6.953832481773064,24.49872465338558
16.212120586054738,2238.2156324884327,131.32943753153086,5.100062168493188,31.945136226713657
15.591661393941278,1164.3915142199571,574.6101238299161,5.278666324159306,68.85276994667947
22.42957969016037,1415.8380607551858,420.0881475582719,5.681219623654852,19.14969951380044
21.148679029005116,1896.7624227351107,175.68381624296308,4.624781557857431,21.712308088317513
18.93941403210007,2371.917714398505,1759.8440227098763,5.315973609734809,41.68728824239224
13.70699396767156,1417.0003479856628,616.0575130954385,5.5430412083258975,34.51700299046934
12.967359973802502,1687.9370004733507,1679.2823360301554,5.262022758275337,11.308302697725594
15.21948276667156,2585.673467488668,1458.1944925244898,6.918405842941136,35.52459753584117
25.73382134340303,1236.326379574254,736.8038469459862,4.249267544330493,14.202706688083708
15.299317366178276,2273.8969903584293,1435.5742018204182,5.42622810905066,63.35381295531988
19.482601983093787,2024.384094617448,439.78073420003057,6.3251931020153025,61.68177150655538
20.116072053612857,1247.092735721837,1401.1410736944526,4.914684636875523,27.734581967815757
22.245307345230295,1466.066078913109,154.5690691564232,5.40273421473581,50.60900195967406
23.440996561433643,2191.6387551510984,381.5573844127357,6.860299427741197,16.099674385041
27.910695061310363,1924.4797163560631,1769.8509556241331,4.192858081644729,10.891161751933396
19.257749886889325,2512.549138733738,81.27847602590919,4.937481494389344,62.25984119344503
19.831715702094595,1499.1080189542067,982.1352460887284,4.661114006195362,53.89514999464154
18.29456422692324,942.7561518102618,1212.7993247006088,5.9406649690029445,64.72612303681672
28.55770675518117,2323.9134632391324,497.2916507162154,4.893710033927591,10.63534138724208
18.260098172930235,1495.6891907829358,887.3207118362188,5.8274639220767686,12.400805111974478
19.03036238649244,1860.1702634112776,1547.096666134894,5.0479355324554005,29.646929395385087
24.53067915355629,2659.520906925901,872.6184345781803,5.393232108239065,33.18712671287358
19.03255379940058,1674.7929738444022,244.3613522686064,6.0993504155636495,47.06302965059877
28.908011501601017,2574.7776636984886,570.8972537890077,5.59590262753997,37.62276507914066
22.5652806499301,1251.4301750337772,1379.2563373222947,4.141506182223554,14.594658939167855
19.4592154768017,2262.755618058118,81.31936169229448,5.124878772777143,39.0173233859241
20.822288826518054,1923.399605935499,1665.340803237632,5.999516568373643,63.85067640338093
19.459006219227597,1431.6142303242748,1229.2550692800432,6.802103823747179,30.088341678492725
23.002370916802352,1159.9955305551723,750.1813903916627,4.719621698517466,63.2633608346805
22.90929360661336,1838.321831797254,243.6018684413284,5.3399652747373265,21.3864717585966
23.27815858512793,1927.582381227041,1667.968520661816,5.4428870841015815,24.99301897827536
17.344931126005196,1938.723408517339,416.8891103938222,4.987203458846478,61.49300372693688
17.916677274880936,2068.428011115774,1330.9519787784666,4.532157023860966,62.131644021719694
22.959477972167065,1569.7572170116443,14.586438937112687,6.787157620240841,32.47151393443346
