modelo,arquivo_origem,camada_stack,n_linhas,n_colunas,resolucao_x,resolucao_y,crs
GLM,resultados/unidade06/adequabilidade_glm_dinizia.tif,GLM,132,184,0.16666666666666666,0.16666666666666666,"GEOGCRS[""WGS 84"",
    ENSEMBLE[""World Geodetic System 1984 ensemble"",
        MEMBER[""World Geodetic System 1984 (Transit)""],
        MEMBER[""World Geodetic System 1984 (G730)""],
        MEMBER[""World Geodetic System 1984 (G873)""],
        MEMBER[""World Geodetic System 1984 (G1150)""],
        MEMBER[""World Geodetic System 1984 (G1674)""],
        MEMBER[""World Geodetic System 1984 (G1762)""],
        MEMBER[""World Geodetic System 1984 (G2139)""],
        MEMBER[""World Geodetic System 1984 (G2296)""],
        ELLIPSOID[""WGS 84"",6378137,298.257223563,
            LENGTHUNIT[""metre"",1]],
        ENSEMBLEACCURACY[2.0]],
    PRIMEM[""Greenwich"",0,
        ANGLEUNIT[""degree"",0.0174532925199433]],
    CS[ellipsoidal,2],
        AXIS[""geodetic latitude (Lat)"",north,
            ORDER[1],
            ANGLEUNIT[""degree"",0.0174532925199433]],
        AXIS[""geodetic longitude (Lon)"",east,
            ORDER[2],
            ANGLEUNIT[""degree"",0.0174532925199433]],
    USAGE[
        SCOPE[""Horizontal component of 3D system.""],
        AREA[""World.""],
        BBOX[-90,-180,90,180]],
    ID[""EPSG"",4326]]"
GAM,resultados/unidade07/adequabilidade_gam_dinizia.tif,GAM,132,184,0.16666666666666666,0.16666666666666666,"GEOGCRS[""WGS 84"",
    ENSEMBLE[""World Geodetic System 1984 ensemble"",
        MEMBER[""World Geodetic System 1984 (Transit)""],
        MEMBER[""World Geodetic System 1984 (G730)""],
        MEMBER[""World Geodetic System 1984 (G873)""],
        MEMBER[""World Geodetic System 1984 (G1150)""],
        MEMBER[""World Geodetic System 1984 (G1674)""],
        MEMBER[""World Geodetic System 1984 (G1762)""],
        MEMBER[""World Geodetic System 1984 (G2139)""],
        MEMBER[""World Geodetic System 1984 (G2296)""],
        ELLIPSOID[""WGS 84"",6378137,298.257223563,
            LENGTHUNIT[""metre"",1]],
        ENSEMBLEACCURACY[2.0]],
    PRIMEM[""Greenwich"",0,
        ANGLEUNIT[""degree"",0.0174532925199433]],
    CS[ellipsoidal,2],
        AXIS[""geodetic latitude (Lat)"",north,
            ORDER[1],
            ANGLEUNIT[""degree"",0.0174532925199433]],
        AXIS[""geodetic longitude (Lon)"",east,
            ORDER[2],
            ANGLEUNIT[""degree"",0.0174532925199433]],
    USAGE[
        SCOPE[""Horizontal component of 3D system.""],
        AREA[""World.""],
        BBOX[-90,-180,90,180]],
    ID[""EPSG"",4326]]"
RF,resultados/unidade08/adequabilidade_rf_dinizia.tif,RF,132,184,0.16666666666666666,0.16666666666666666,"GEOGCRS[""WGS 84"",
    ENSEMBLE[""World Geodetic System 1984 ensemble"",
        MEMBER[""World Geodetic System 1984 (Transit)""],
        MEMBER[""World Geodetic System 1984 (G730)""],
        MEMBER[""World Geodetic System 1984 (G873)""],
        MEMBER[""World Geodetic System 1984 (G1150)""],
        MEMBER[""World Geodetic System 1984 (G1674)""],
        MEMBER[""World Geodetic System 1984 (G1762)""],
        MEMBER[""World Geodetic System 1984 (G2139)""],
        MEMBER[""World Geodetic System 1984 (G2296)""],
        ELLIPSOID[""WGS 84"",6378137,298.257223563,
            LENGTHUNIT[""metre"",1]],
        ENSEMBLEACCURACY[2.0]],
    PRIMEM[""Greenwich"",0,
        ANGLEUNIT[""degree"",0.0174532925199433]],
    CS[ellipsoidal,2],
        AXIS[""geodetic latitude (Lat)"",north,
            ORDER[1],
            ANGLEUNIT[""degree"",0.0174532925199433]],
        AXIS[""geodetic longitude (Lon)"",east,
            ORDER[2],
            ANGLEUNIT[""degree"",0.0174532925199433]],
    USAGE[
        SCOPE[""Horizontal component of 3D system.""],
        AREA[""World.""],
        BBOX[-90,-180,90,180]],
    ID[""EPSG"",4326]]"
BRT,resultados/unidade09/adequabilidade_brt_dinizia.tif,BRT,132,184,0.16666666666666666,0.16666666666666666,"GEOGCRS[""WGS 84"",
    ENSEMBLE[""World Geodetic System 1984 ensemble"",
        MEMBER[""World Geodetic System 1984 (Transit)""],
        MEMBER[""World Geodetic System 1984 (G730)""],
        MEMBER[""World Geodetic System 1984 (G873)""],
        MEMBER[""World Geodetic System 1984 (G1150)""],
        MEMBER[""World Geodetic System 1984 (G1674)""],
        MEMBER[""World Geodetic System 1984 (G1762)""],
        MEMBER[""World Geodetic System 1984 (G2139)""],
        MEMBER[""World Geodetic System 1984 (G2296)""],
        ELLIPSOID[""WGS 84"",6378137,298.257223563,
            LENGTHUNIT[""metre"",1]],
        ENSEMBLEACCURACY[2.0]],
    PRIMEM[""Greenwich"",0,
        ANGLEUNIT[""degree"",0.0174532925199433]],
    CS[ellipsoidal,2],
        AXIS[""geodetic latitude (Lat)"",north,
            ORDER[1],
            ANGLEUNIT[""degree"",0.0174532925199433]],
        AXIS[""geodetic longitude (Lon)"",east,
            ORDER[2],
            ANGLEUNIT[""degree"",0.0174532925199433]],
    USAGE[
        SCOPE[""Horizontal component of 3D system.""],
        AREA[""World.""],
        BBOX[-90,-180,90,180]],
    ID[""EPSG"",4326]]"
MaxEnt,resultados/unidade10/adequabilidade_maxent_dinizia.tif,MaxEnt,132,184,0.16666666666666666,0.16666666666666666,"GEOGCRS[""WGS 84"",
    ENSEMBLE[""World Geodetic System 1984 ensemble"",
        MEMBER[""World Geodetic System 1984 (Transit)""],
        MEMBER[""World Geodetic System 1984 (G730)""],
        MEMBER[""World Geodetic System 1984 (G873)""],
        MEMBER[""World Geodetic System 1984 (G1150)""],
        MEMBER[""World Geodetic System 1984 (G1674)""],
        MEMBER[""World Geodetic System 1984 (G1762)""],
        MEMBER[""World Geodetic System 1984 (G2139)""],
        MEMBER[""World Geodetic System 1984 (G2296)""],
        ELLIPSOID[""WGS 84"",6378137,298.257223563,
            LENGTHUNIT[""metre"",1]],
        ENSEMBLEACCURACY[2.0]],
    PRIMEM[""Greenwich"",0,
        ANGLEUNIT[""degree"",0.0174532925199433]],
    CS[ellipsoidal,2],
        AXIS[""geodetic latitude (Lat)"",north,
            ORDER[1],
            ANGLEUNIT[""degree"",0.0174532925199433]],
        AXIS[""geodetic longitude (Lon)"",east,
            ORDER[2],
            ANGLEUNIT[""degree"",0.0174532925199433]],
    USAGE[
        SCOPE[""Horizontal component of 3D system.""],
        AREA[""World.""],
        BBOX[-90,-180,90,180]],
    ID[""EPSG"",4326]]"
