especie,lon,lat,fonte,origem,id_origem,especie_padrao
Dinizia excelsa Ducke,-56.126789,-9.839442,Inventario_ou_base_local,Arquivo local,NA,Dinizia excelsa
Dinizia excelsa Ducke,-59.9413,-3.003583,Inventario_ou_base_local,Arquivo local,NA,Dinizia excelsa
Dinizia excelsa Ducke,-53.837778,-3.389167,Inventario_ou_base_local,Arquivo local,NA,Dinizia excelsa
Dinizia excelsa Ducke,-62.944722,-9.116111,Inventario_ou_base_local,Arquivo local,NA,Dinizia excelsa
Dinizia excelsa Ducke,-47.138353,3.395528,Inventario_ou_base_local,Arquivo local,NA,Dinizia excelsa
Dinizia excelsa Ducke,-57.846944,-9.122222,Inventario_ou_base_local,Arquivo local,NA,Dinizia excelsa
Dinizia excelsa Ducke,-52.380833,-1.3825,Inventario_ou_base_local,Arquivo local,NA,Dinizia excelsa
Dinizia excelsa Ducke,-52.369917,1.190722,Inventario_ou_base_local,Arquivo local,NA,Dinizia excelsa
Dinizia excelsa Ducke,-53.244722,-0.764722,Inventario_ou_base_local,Arquivo local,NA,Dinizia excelsa
Dinizia excelsa Ducke,-51.658889,0.9675,Inventario_ou_base_local,Arquivo local,NA,Dinizia excelsa
Dinizia excelsa Ducke,-48.583333,-3.794722,Inventario_ou_base_local,Arquivo local,NA,Dinizia excelsa
Dinizia excelsa Ducke,-61.645,-9.635555,Inventario_ou_base_local,Arquivo local,NA,Dinizia excelsa
Dinizia excelsa Ducke,-63.251111,-8.915278,Inventario_ou_base_local,Arquivo local,NA,Dinizia excelsa
Dinizia excelsa Ducke,-62.903789,-9.251911,Inventario_ou_base_local,Arquivo local,NA,Dinizia excelsa
Dinizia excelsa Ducke,-61.6469,-9.3592,Inventario_ou_base_local,Arquivo local,NA,Dinizia excelsa
Dinizia excelsa Ducke,-59.2,-8.983333,Inventario_ou_base_local,Arquivo local,NA,Dinizia excelsa
Dinizia excelsa Ducke,-56.306111,-1.655278,Inventario_ou_base_local,Arquivo local,NA,Dinizia excelsa
Dinizia excelsa Ducke,-61.595136,-7.948514,Inventario_ou_base_local,Arquivo local,NA,Dinizia excelsa
Dinizia excelsa Ducke,-51.954722,-3.227222,Inventario_ou_base_local,Arquivo local,NA,Dinizia excelsa
Dinizia excelsa Ducke,-64.34889,-9.244167,Inventario_ou_base_local,Arquivo local,NA,Dinizia excelsa
Dinizia excelsa Ducke,-63.99,-8.971389,Inventario_ou_base_local,Arquivo local,NA,Dinizia excelsa
Dinizia excelsa Ducke,-64.205556,-9.143889,Inventario_ou_base_local,Arquivo local,NA,Dinizia excelsa
Dinizia excelsa Ducke,-63.591667,-8.581667,Inventario_ou_base_local,Arquivo local,NA,Dinizia excelsa
Dinizia excelsa Ducke,-64.591356,-9.411556,Inventario_ou_base_local,Arquivo local,NA,Dinizia excelsa
Dinizia excelsa Ducke,-64.654939,-9.620525,Inventario_ou_base_local,Arquivo local,NA,Dinizia excelsa
Dinizia excelsa Ducke,-60.285058,-2.439172,Inventario_ou_base_local,Arquivo local,NA,Dinizia excelsa
Dinizia excelsa Ducke,-56,-4,Inventario_ou_base_local,Arquivo local,NA,Dinizia excelsa
Dinizia excelsa Ducke,-56.46425,-4.66725,Inventario_ou_base_local,Arquivo local,NA,Dinizia excelsa
Dinizia excelsa Ducke,-51.972222,-0.973889,Inventario_ou_base_local,Arquivo local,NA,Dinizia excelsa
Dinizia excelsa Ducke,-64.048055,-9.081667,Inventario_ou_base_local,Arquivo local,NA,Dinizia excelsa
Dinizia excelsa Ducke,-64.735833,-9.444722,Inventario_ou_base_local,Arquivo local,NA,Dinizia excelsa
Dinizia excelsa Ducke,-64.440833,-9.264167,Inventario_ou_base_local,Arquivo local,NA,Dinizia excelsa
Dinizia excelsa Ducke,-64.736111,-9.744722,Inventario_ou_base_local,Arquivo local,NA,Dinizia excelsa
Dinizia excelsa Ducke,-65.355556000000007,-4.898333,Inventario_ou_base_local,Arquivo local,NA,Dinizia excelsa
Dinizia excelsa Ducke,-64.617222,-9.263056,Inventario_ou_base_local,Arquivo local,NA,Dinizia excelsa
Dinizia excelsa Ducke,-64.95,-9.646944,Inventario_ou_base_local,Arquivo local,NA,Dinizia excelsa
Dinizia excelsa Ducke,-65.16,-4.885833,Inventario_ou_base_local,Arquivo local,NA,Dinizia excelsa
Dinizia excelsa Ducke,-48.798889,-2.797222,Inventario_ou_base_local,Arquivo local,NA,Dinizia excelsa
Dinizia excelsa Ducke,-56.893889,-2.891389,Inventario_ou_base_local,Arquivo local,NA,Dinizia excelsa
Dinizia excelsa Ducke,-56.893889,-2.158167,Inventario_ou_base_local,Arquivo local,NA,Dinizia excelsa
Dinizia excelsa Ducke,-59,-1,Inventario_ou_base_local,Arquivo local,NA,Dinizia excelsa
Dinizia excelsa Ducke,-56.457222,-1.815556,Inventario_ou_base_local,Arquivo local,NA,Dinizia excelsa
Dinizia excelsa Ducke,-59.96,-2.342,Inventario_ou_base_local,Arquivo local,NA,Dinizia excelsa
Dinizia excelsa Ducke,-62.089167,-1.028611,Inventario_ou_base_local,Arquivo local,NA,Dinizia excelsa
Dinizia excelsa Ducke,-51.986389,-2.301667,Inventario_ou_base_local,Arquivo local,NA,Dinizia excelsa
Dinizia excelsa Ducke,-48.473333,-2.102778,Inventario_ou_base_local,Arquivo local,NA,Dinizia excelsa
Dinizia excelsa Ducke,-48.171667,-3.433333,Inventario_ou_base_local,Arquivo local,NA,Dinizia excelsa
Dinizia excelsa Ducke,-48.288222,-3.725667,Inventario_ou_base_local,Arquivo local,NA,Dinizia excelsa
Dinizia excelsa Ducke,-48.470278,-3.290278,Inventario_ou_base_local,Arquivo local,NA,Dinizia excelsa
Dinizia excelsa Ducke,-49.16,-3.035278,Inventario_ou_base_local,Arquivo local,NA,Dinizia excelsa
Dinizia excelsa Ducke,-48.297778,-3.355,Inventario_ou_base_local,Arquivo local,NA,Dinizia excelsa
Dinizia excelsa Ducke,-60.083333,-2.316667,Inventario_ou_base_local,Arquivo local,NA,Dinizia excelsa
Dinizia excelsa Ducke,-59.685474,-2.31537,Inventario_ou_base_local,Arquivo local,NA,Dinizia excelsa
Dinizia excelsa Ducke,-59.116667,-0.583333,Inventario_ou_base_local,Arquivo local,NA,Dinizia excelsa
Dinizia excelsa Ducke,-59.116667,0.583333,Inventario_ou_base_local,Arquivo local,NA,Dinizia excelsa
Dinizia excelsa Ducke,-59.888611,-2.429167,Inventario_ou_base_local,Arquivo local,NA,Dinizia excelsa
Dinizia excelsa Ducke,-63,-5,Inventario_ou_base_local,Arquivo local,NA,Dinizia excelsa
Dinizia excelsa Ducke,-59.7458,-2.41625,Inventario_ou_base_local,Arquivo local,NA,Dinizia excelsa
Dinizia excelsa Ducke,-52.85,-0.45,Inventario_ou_base_local,Arquivo local,NA,Dinizia excelsa
Dinizia excelsa Ducke,-52.916667,-1.116667,Inventario_ou_base_local,Arquivo local,NA,Dinizia excelsa
Dinizia excelsa Ducke,-52.583333,-0.666667,Inventario_ou_base_local,Arquivo local,NA,Dinizia excelsa
Dinizia excelsa Ducke,-52.7,-0.783333,Inventario_ou_base_local,Arquivo local,NA,Dinizia excelsa
Dinizia excelsa Ducke,-52.85,-1.05,Inventario_ou_base_local,Arquivo local,NA,Dinizia excelsa
Dinizia excelsa Ducke,-54.718333,-2.436111,Inventario_ou_base_local,Arquivo local,NA,Dinizia excelsa
Dinizia excelsa Ducke,-63.22,-9.1,Inventario_ou_base_local,Arquivo local,NA,Dinizia excelsa
Dinizia excelsa Ducke,-59.97,-2.883333,Inventario_ou_base_local,Arquivo local,NA,Dinizia excelsa
Dinizia excelsa Ducke,-51.62,0.17,Inventario_ou_base_local,Arquivo local,NA,Dinizia excelsa
Dinizia excelsa Ducke,-52,1,Inventario_ou_base_local,Arquivo local,NA,Dinizia excelsa
Dinizia excelsa Ducke,-58.97,-4.116667,Inventario_ou_base_local,Arquivo local,NA,Dinizia excelsa
Dinizia excelsa Ducke,-58.966667,-0.116667,Inventario_ou_base_local,Arquivo local,NA,Dinizia excelsa
Dinizia excelsa Ducke,-51.616667,-0.166667,Inventario_ou_base_local,Arquivo local,NA,Dinizia excelsa
Dinizia excelsa Ducke,-63.116665,-9.166667,Inventario_ou_base_local,Arquivo local,NA,Dinizia excelsa
Dinizia excelsa Ducke,-63,-11,Inventario_ou_base_local,Arquivo local,NA,Dinizia excelsa
Dinizia excelsa Ducke,-59.35,-10.2,Inventario_ou_base_local,Arquivo local,NA,Dinizia excelsa
Dinizia excelsa Ducke,-60.05,-3.166667,Inventario_ou_base_local,Arquivo local,NA,Dinizia excelsa
Dinizia excelsa Ducke,-59.800556,-2.991389,Inventario_ou_base_local,Arquivo local,NA,Dinizia excelsa
Dinizia excelsa Ducke,-53,-4,Inventario_ou_base_local,Arquivo local,NA,Dinizia excelsa
Dinizia excelsa Ducke,-53.08982,-10.773109,Inventario_ou_base_local,Arquivo local,NA,Dinizia excelsa
Dinizia excelsa Ducke,-52.8731,-10.8339,Inventario_ou_base_local,Arquivo local,NA,Dinizia excelsa
Dinizia excelsa Ducke,-3.116667,1,Inventario_ou_base_local,Arquivo local,NA,Dinizia excelsa
Dinizia excelsa Ducke,-2.016667,-1.033333,Inventario_ou_base_local,Arquivo local,NA,Dinizia excelsa
Dinizia excelsa Ducke,-51.855556,1.515833,Inventario_ou_base_local,Arquivo local,NA,Dinizia excelsa
Dinizia excelsa Ducke,-67.81,-9.9747,Inventario_ou_base_local,Arquivo local,NA,Dinizia excelsa
Dinizia excelsa Ducke,-48.81,-3.483056,Inventario_ou_base_local,Arquivo local,NA,Dinizia excelsa
Dinizia excelsa Ducke,-54.3552,-11.5246,Inventario_ou_base_local,Arquivo local,NA,Dinizia excelsa
Dinizia excelsa Ducke,-59.85,-2.39,Inventario_ou_base_local,Arquivo local,NA,Dinizia excelsa
Dinizia excelsa Ducke,-51.63,0.86,Inventario_ou_base_local,Arquivo local,NA,Dinizia excelsa
Dinizia excelsa Ducke,-52.63,0.57,Inventario_ou_base_local,Arquivo local,NA,Dinizia excelsa
Dinizia excelsa Ducke,-52.08,0.39,Inventario_ou_base_local,Arquivo local,NA,Dinizia excelsa
Dinizia excelsa Ducke,-51.61687,-0.012935833,Inventario_ou_base_local,Arquivo local,NA,Dinizia excelsa
Dinizia excelsa Ducke,-51.18,2.75,Inventario_ou_base_local,Arquivo local,NA,Dinizia excelsa
Dinizia excelsa Ducke,-51.36,1.35,Inventario_ou_base_local,Arquivo local,NA,Dinizia excelsa
Dinizia excelsa Ducke,-51.71,2.48,Inventario_ou_base_local,Arquivo local,NA,Dinizia excelsa
Dinizia excelsa Ducke,-51.04,2.21,Inventario_ou_base_local,Arquivo local,NA,Dinizia excelsa
Dinizia excelsa Ducke,-52.45,0.9,Inventario_ou_base_local,Arquivo local,NA,Dinizia excelsa
Dinizia excelsa Ducke,-51.18,3.24,Inventario_ou_base_local,Arquivo local,NA,Dinizia excelsa
Dinizia excelsa Ducke,-51.31,2.93,Inventario_ou_base_local,Arquivo local,NA,Dinizia excelsa
Dinizia excelsa Ducke,-51.899289,0.129209,Inventario_ou_base_local,Arquivo local,NA,Dinizia excelsa
Dinizia excelsa Ducke,-51.18,1.76,Inventario_ou_base_local,Arquivo local,NA,Dinizia excelsa
Dinizia excelsa Ducke,-51.4,2.39,Inventario_ou_base_local,Arquivo local,NA,Dinizia excelsa
Dinizia excelsa Ducke,-51.8,3.43,Inventario_ou_base_local,Arquivo local,NA,Dinizia excelsa
Dinizia excelsa Ducke,-51.04,2.93,Inventario_ou_base_local,Arquivo local,NA,Dinizia excelsa
Dinizia excelsa Ducke,-51.18,3.43,Inventario_ou_base_local,Arquivo local,NA,Dinizia excelsa
Dinizia excelsa Ducke,-51.04,2.48,Inventario_ou_base_local,Arquivo local,NA,Dinizia excelsa
Dinizia excelsa Ducke,-51.31,2.16,Inventario_ou_base_local,Arquivo local,NA,Dinizia excelsa
Dinizia excelsa Ducke,-51.53,2.03,Inventario_ou_base_local,Arquivo local,NA,Dinizia excelsa
Dinizia excelsa Ducke,-51.04,2.3,Inventario_ou_base_local,Arquivo local,NA,Dinizia excelsa
Dinizia excelsa Ducke,-52.18,1.22,Inventario_ou_base_local,Arquivo local,NA,Dinizia excelsa
Dinizia excelsa Ducke,-51.4,2.48,Inventario_ou_base_local,Arquivo local,NA,Dinizia excelsa
Dinizia excelsa Ducke,-52.22,0.81,Inventario_ou_base_local,Arquivo local,NA,Dinizia excelsa
Dinizia excelsa Ducke,-51.49,2.48,Inventario_ou_base_local,Arquivo local,NA,Dinizia excelsa
Dinizia excelsa Ducke,-51.31,1.71,Inventario_ou_base_local,Arquivo local,NA,Dinizia excelsa
Dinizia excelsa Ducke,-51.93,2.93,Inventario_ou_base_local,Arquivo local,NA,Dinizia excelsa
Dinizia excelsa Ducke,-51.75,3.24,Inventario_ou_base_local,Arquivo local,NA,Dinizia excelsa
Dinizia excelsa Ducke,-52.31,1.26,Inventario_ou_base_local,Arquivo local,NA,Dinizia excelsa
Dinizia excelsa Ducke,-52.35,0.16,Inventario_ou_base_local,Arquivo local,NA,Dinizia excelsa
Dinizia excelsa Ducke,-51.89711,0.126236,Inventario_ou_base_local,Arquivo local,NA,Dinizia excelsa
Dinizia excelsa Ducke,-52.18,1.26,Inventario_ou_base_local,Arquivo local,NA,Dinizia excelsa
Dinizia excelsa Ducke,-52.35,0.9,Inventario_ou_base_local,Arquivo local,NA,Dinizia excelsa
Dinizia excelsa Ducke,-52.95556944,1.018297222,Inventario_ou_base_local,Arquivo local,NA,Dinizia excelsa
Dinizia excelsa Ducke,-52.08,0.9,Inventario_ou_base_local,Arquivo local,NA,Dinizia excelsa
Dinizia excelsa Ducke,-52.94613611,1.018688889,Inventario_ou_base_local,Arquivo local,NA,Dinizia excelsa
Dinizia excelsa Ducke,-52.08,1.26,Inventario_ou_base_local,Arquivo local,NA,Dinizia excelsa
Dinizia excelsa Ducke,-53.225626,0.77088,Inventario_ou_base_local,Arquivo local,NA,Dinizia excelsa
Dinizia excelsa Ducke,-53.227412,0.770044,Inventario_ou_base_local,Arquivo local,NA,Dinizia excelsa
Dinizia excelsa Ducke,-52.384179,0.730238,Inventario_ou_base_local,Arquivo local,NA,Dinizia excelsa
Dinizia excelsa Ducke,-60.16,-2.64,Inventario_ou_base_local,Arquivo local,NA,Dinizia excelsa
Dinizia excelsa Ducke,-60.17,-2.63,Inventario_ou_base_local,Arquivo local,NA,Dinizia excelsa
Dinizia excelsa Ducke,-59.96,-2.93,Inventario_ou_base_local,Arquivo local,NA,Dinizia excelsa
Dinizia excelsa Ducke,-59.94,-2.92,Inventario_ou_base_local,Arquivo local,NA,Dinizia excelsa
Dinizia excelsa Ducke,-59.95,-2.96,Inventario_ou_base_local,Arquivo local,NA,Dinizia excelsa
Dinizia excelsa Ducke,-59.94,-2.98,Inventario_ou_base_local,Arquivo local,NA,Dinizia excelsa
Dinizia excelsa Ducke,-59.92,-2.98,Inventario_ou_base_local,Arquivo local,NA,Dinizia excelsa
Dinizia excelsa Ducke,-51.46,-1.71,Inventario_ou_base_local,Arquivo local,NA,Dinizia excelsa
Dinizia excelsa Ducke,-51.51,-1.73,Inventario_ou_base_local,Arquivo local,NA,Dinizia excelsa
Dinizia excelsa Ducke,-51.52,-1.75,Inventario_ou_base_local,Arquivo local,NA,Dinizia excelsa
Dinizia excelsa Ducke,-51.59,-1.78,Inventario_ou_base_local,Arquivo local,NA,Dinizia excelsa
Dinizia excelsa Ducke,-59.9,-2.97,Inventario_ou_base_local,Arquivo local,NA,Dinizia excelsa
Dinizia excelsa Ducke,-59.162667,-8.999722,GBIF,PRESERVED_SPECIMEN,5886261390,Dinizia excelsa
Dinizia excelsa Ducke,-59.939962,-3.007178,GBIF,HUMAN_OBSERVATION,5133646452,Dinizia excelsa
Dinizia excelsa Ducke,-59.940952,-3.003882,GBIF,HUMAN_OBSERVATION,5215954688,Dinizia excelsa
Dinizia excelsa Ducke,-59.941048,-3.003617,GBIF,HUMAN_OBSERVATION,5216978659,Dinizia excelsa
Dinizia excelsa Ducke,-59.968854,-2.933488,GBIF,HUMAN_OBSERVATION,5282180173,Dinizia excelsa
Dinizia excelsa Ducke,-59.939674,-3.007138,GBIF,HUMAN_OBSERVATION,5844099919,Dinizia excelsa
Dinizia excelsa Ducke,-59.941363,-3.003723,GBIF,HUMAN_OBSERVATION,5840163404,Dinizia excelsa
Dinizia excelsa Ducke,-59.942345,-3.005501,GBIF,HUMAN_OBSERVATION,5840201501,Dinizia excelsa
Dinizia excelsa Ducke,-59.941205,-3.003661,GBIF,HUMAN_OBSERVATION,5840362588,Dinizia excelsa
Dinizia excelsa Ducke,-59.906023,-3.11415,GBIF,HUMAN_OBSERVATION,5844012115,Dinizia excelsa
Dinizia excelsa Ducke,-59.908086,-3.111754,GBIF,HUMAN_OBSERVATION,5844228437,Dinizia excelsa
Dinizia excelsa Ducke,-59.90793,-3.111699,GBIF,HUMAN_OBSERVATION,5844618460,Dinizia excelsa
Dinizia excelsa Ducke,-51.910556,1.106389,GBIF,PRESERVED_SPECIMEN,5934879912,Dinizia excelsa
Dinizia excelsa Ducke,-46.799722,-3.6225,GBIF,PRESERVED_SPECIMEN,6184281981,Dinizia excelsa
Dinizia excelsa Ducke,-63.021667,-9.216389,GBIF,PRESERVED_SPECIMEN,5100796303,Dinizia excelsa
Dinizia excelsa Ducke,-59.941212,-3.003656,GBIF,HUMAN_OBSERVATION,4875425924,Dinizia excelsa
Dinizia excelsa Ducke,-51.834167,-1.799167,GBIF,PRESERVED_SPECIMEN,5058437401,Dinizia excelsa
Dinizia excelsa Ducke,-59.971567,-2.928416,GBIF,HUMAN_OBSERVATION,5154173679,Dinizia excelsa
Dinizia excelsa Ducke,-52.514444,-0.295278,GBIF,PRESERVED_SPECIMEN,5867697878,Dinizia excelsa
Dinizia excelsa Ducke,-52.531389,-0.159444,GBIF,PRESERVED_SPECIMEN,6184281045,Dinizia excelsa
Dinizia excelsa Ducke,-52.37,1.191389,GBIF,PRESERVED_SPECIMEN,6233137305,Dinizia excelsa
Dinizia excelsa Ducke,-52.833056,-0.456389,GBIF,PRESERVED_SPECIMEN,4079375498,Dinizia excelsa
Dinizia excelsa Ducke,-56.126789,-9.839442,GBIF,HUMAN_OBSERVATION,4138300949,Dinizia excelsa
Dinizia excelsa Ducke,-59.941206,-3.003702,GBIF,HUMAN_OBSERVATION,4161994436,Dinizia excelsa
Dinizia excelsa Ducke,-59.941291,-3.003708,GBIF,HUMAN_OBSERVATION,4516297430,Dinizia excelsa
Dinizia excelsa Ducke,-59.9413,-3.003583,GBIF,HUMAN_OBSERVATION,4597289331,Dinizia excelsa
Dinizia excelsa Ducke,-59.942881,-2.904665,GBIF,HUMAN_OBSERVATION,5109769241,Dinizia excelsa
Dinizia excelsa Ducke,-59.137778,-8.985,GBIF,PRESERVED_SPECIMEN,5243336433,Dinizia excelsa
Dinizia excelsa Ducke,-62.916111,-9.262778,GBIF,PRESERVED_SPECIMEN,5832506757,Dinizia excelsa
Dinizia excelsa Ducke,-53.837778,-3.389167,GBIF,PRESERVED_SPECIMEN,4427261159,Dinizia excelsa
Dinizia excelsa Ducke,-59.939545,-3.007037,GBIF,HUMAN_OBSERVATION,5062553536,Dinizia excelsa
Dinizia excelsa Ducke,-62.944722,-9.116111,GBIF,PRESERVED_SPECIMEN,4060258302,Dinizia excelsa
Dinizia excelsa Ducke,-62,-9.116111,GBIF,PRESERVED_SPECIMEN,5236453864,Dinizia excelsa
Dinizia excelsa Ducke,-63.94,-8.854167,GBIF,PRESERVED_SPECIMEN,4928892891,Dinizia excelsa
Dinizia excelsa Ducke,-59.939577,-3.007004,GBIF,HUMAN_OBSERVATION,3383873661,Dinizia excelsa
Dinizia excelsa Ducke,-57.846944,-9.122222,GBIF,PRESERVED_SPECIMEN,3912824992,Dinizia excelsa
Dinizia excelsa Ducke,-47.138353,3.395528,GBIF,PRESERVED_SPECIMEN,4454173288,Dinizia excelsa
Dinizia excelsa Ducke,-59.939999,-3.0075,GBIF,HUMAN_OBSERVATION,4080517308,Dinizia excelsa
Dinizia excelsa Ducke,-52.380833,1.2325,GBIF,PRESERVED_SPECIMEN,2575941692,Dinizia excelsa
Dinizia excelsa Ducke,-52.369917,1.190722,GBIF,PRESERVED_SPECIMEN,2873457127,Dinizia excelsa
Dinizia excelsa Ducke,-52.370083,1.192167,GBIF,PRESERVED_SPECIMEN,2873457210,Dinizia excelsa
Dinizia excelsa Ducke,-52.380833,-1.599167,GBIF,PRESERVED_SPECIMEN,3761307392,Dinizia excelsa
Dinizia excelsa Ducke,-53.244722,-0.764722,GBIF,PRESERVED_SPECIMEN,2550865474,Dinizia excelsa
Dinizia excelsa Ducke,-51.658889,0.9675,GBIF,PRESERVED_SPECIMEN,2575940365,Dinizia excelsa
Dinizia excelsa Ducke,-52.946266,1.963061,GBIF,HUMAN_OBSERVATION,5198516425,Dinizia excelsa
Dinizia excelsa Ducke,-48.583333,-3.794722,GBIF,PRESERVED_SPECIMEN,4415957787,Dinizia excelsa
Dinizia excelsa Ducke,-59.9406,-3.005836,GBIF,HUMAN_OBSERVATION,4091394304,Dinizia excelsa
Dinizia excelsa Ducke,-57.289986,3.273014,GBIF,HUMAN_OBSERVATION,2005977165,Dinizia excelsa
Dinizia excelsa Ducke,-57.013008,2.566108,GBIF,HUMAN_OBSERVATION,2005977170,Dinizia excelsa
Dinizia excelsa Ducke,-57.21326,2.9672,GBIF,HUMAN_OBSERVATION,2005977178,Dinizia excelsa
Dinizia excelsa Ducke,-57.060547,2.686886,GBIF,HUMAN_OBSERVATION,2005977179,Dinizia excelsa
Dinizia excelsa Ducke,-57.117675,2.776403,GBIF,HUMAN_OBSERVATION,2005977191,Dinizia excelsa
Dinizia excelsa Ducke,-61.649722,-9.591111,GBIF,PRESERVED_SPECIMEN,1852375276,Dinizia excelsa
Dinizia excelsa Ducke,-61.645,-9.635555,GBIF,PRESERVED_SPECIMEN,1852375486,Dinizia excelsa
Dinizia excelsa Ducke,-61.645,-9.635556,GBIF,PRESERVED_SPECIMEN,3332036318,Dinizia excelsa
Dinizia excelsa Ducke,-63.251111,-8.915278,GBIF,PRESERVED_SPECIMEN,2412489934,Dinizia excelsa
Dinizia excelsa Ducke,-62.903789,-9.251911,GBIF,PRESERVED_SPECIMEN,1930771175,Dinizia excelsa
Dinizia excelsa Ducke,-62.903889,-9.251944,GBIF,PRESERVED_SPECIMEN,2350520696,Dinizia excelsa
Dinizia excelsa Ducke,-61.646944,-9.359167,GBIF,PRESERVED_SPECIMEN,1423931996,Dinizia excelsa
Dinizia excelsa Ducke,-61.6469,-9.3592,GBIF,PRESERVED_SPECIMEN,1930702921,Dinizia excelsa
Dinizia excelsa Ducke,-59.2,-8.983333,GBIF,PRESERVED_SPECIMEN,1585335958,Dinizia excelsa
Dinizia excelsa Ducke,-56.306111,-1.655278,GBIF,PRESERVED_SPECIMEN,2350521265,Dinizia excelsa
Dinizia excelsa Ducke,-61.595136,-7.948514,GBIF,PRESERVED_SPECIMEN,1413715507,Dinizia excelsa
Dinizia excelsa Ducke,-51.954722,-3.227222,GBIF,PRESERVED_SPECIMEN,1424500666,Dinizia excelsa
Dinizia excelsa Ducke,-63.987777,-8.971389,GBIF,PRESERVED_SPECIMEN,1095257572,Dinizia excelsa
Dinizia excelsa Ducke,-64.348888,-9.244167,GBIF,PRESERVED_SPECIMEN,1095257597,Dinizia excelsa
Dinizia excelsa Ducke,-64.348889,-9.244167,GBIF,PRESERVED_SPECIMEN,1424442314,Dinizia excelsa
Dinizia excelsa Ducke,-63.987778,-8.971389,GBIF,PRESERVED_SPECIMEN,1424442400,Dinizia excelsa
Dinizia excelsa Ducke,-63.9878,-8.9714,GBIF,PRESERVED_SPECIMEN,1928886984,Dinizia excelsa
Dinizia excelsa Ducke,-64.3489,-9.2442,GBIF,PRESERVED_SPECIMEN,1930084902,Dinizia excelsa
Dinizia excelsa Ducke,-64.205556,-9.143889,GBIF,PRESERVED_SPECIMEN,2302453020,Dinizia excelsa
Dinizia excelsa Ducke,-63.591667,-8.581667,GBIF,PRESERVED_SPECIMEN,2302479770,Dinizia excelsa
Dinizia excelsa Ducke,-64.348889,-9.244166,GBIF,PRESERVED_SPECIMEN,4947559120,Dinizia excelsa
Dinizia excelsa Ducke,-64.654939,-9.620525,GBIF,PRESERVED_SPECIMEN,4953871631,Dinizia excelsa
Dinizia excelsa Ducke,-64.591356,-9.411556,GBIF,PRESERVED_SPECIMEN,4953872434,Dinizia excelsa
Dinizia excelsa Ducke,-60.09,-2.3828,GBIF,PRESERVED_SPECIMEN,1042713253,Dinizia excelsa
Dinizia excelsa Ducke,-60.285058,-2.439172,GBIF,PRESERVED_SPECIMEN,1837386962,Dinizia excelsa
Dinizia excelsa Ducke,-56.464167,-4.672222,GBIF,PRESERVED_SPECIMEN,1314921506,Dinizia excelsa
Dinizia excelsa Ducke,-56.464167,-4.667222,GBIF,PRESERVED_SPECIMEN,1424374806,Dinizia excelsa
Dinizia excelsa Ducke,-56.46425,-4.66725,GBIF,PRESERVED_SPECIMEN,1929884179,Dinizia excelsa
Dinizia excelsa Ducke,-56,-4,GBIF,PRESERVED_SPECIMEN,2302334616,Dinizia excelsa
Dinizia excelsa Ducke,-51.972222,0.973889,GBIF,PRESERVED_SPECIMEN,1094891943,Dinizia excelsa
Dinizia excelsa Ducke,-51.972222,-0.973889,GBIF,PRESERVED_SPECIMEN,4900537608,Dinizia excelsa
Dinizia excelsa Ducke,-64.048056,-9.081667,GBIF,PRESERVED_SPECIMEN,1094915466,Dinizia excelsa
Dinizia excelsa Ducke,-64.048055,-9.081667,GBIF,PRESERVED_SPECIMEN,1095255995,Dinizia excelsa
Dinizia excelsa Ducke,-64.048056,-9.048333,GBIF,PRESERVED_SPECIMEN,4900605167,Dinizia excelsa
Dinizia excelsa Ducke,-64.736111,-9.444722,GBIF,PRESERVED_SPECIMEN,1094910876,Dinizia excelsa
Dinizia excelsa Ducke,-64.735833,-9.444722,GBIF,PRESERVED_SPECIMEN,1095254983,Dinizia excelsa
Dinizia excelsa Ducke,-64.440833,-9.264167,GBIF,PRESERVED_SPECIMEN,2302480487,Dinizia excelsa
Dinizia excelsa Ducke,-64.736111,-9.744722,GBIF,PRESERVED_SPECIMEN,4900553007,Dinizia excelsa
Dinizia excelsa Ducke,-65.145278,-4.881111,GBIF,PRESERVED_SPECIMEN,1314920205,Dinizia excelsa
Dinizia excelsa Ducke,-65.355556000000007,-4.898333,GBIF,PRESERVED_SPECIMEN,4415971523,Dinizia excelsa
Dinizia excelsa Ducke,-64.95,-9.646944,GBIF,PRESERVED_SPECIMEN,1077304289,Dinizia excelsa
Dinizia excelsa Ducke,-64.617222,-9.263055,GBIF,PRESERVED_SPECIMEN,1095252765,Dinizia excelsa
Dinizia excelsa Ducke,-64.617222,-9.263056,GBIF,PRESERVED_SPECIMEN,1424462922,Dinizia excelsa
Dinizia excelsa Ducke,-59.974722,-2.929444,GBIF,PRESERVED_SPECIMEN,1094875620,Dinizia excelsa
Dinizia excelsa Ducke,-59.974722,-2.979444,GBIF,PRESERVED_SPECIMEN,4900626005,Dinizia excelsa
Dinizia excelsa Ducke,-48.798889,-2.180556,GBIF,PRESERVED_SPECIMEN,1094838042,Dinizia excelsa
Dinizia excelsa Ducke,-48.798889,-2.797222,GBIF,PRESERVED_SPECIMEN,4900602567,Dinizia excelsa
Dinizia excelsa Ducke,-56.893889,-2.158056,GBIF,PRESERVED_SPECIMEN,1094914201,Dinizia excelsa
Dinizia excelsa Ducke,-56.893889,-2.158167,GBIF,PRESERVED_SPECIMEN,1095267712,Dinizia excelsa
Dinizia excelsa Ducke,-56.893889,-2.891389,GBIF,PRESERVED_SPECIMEN,4900553268,Dinizia excelsa
Dinizia excelsa Ducke,-56.457222,-1.815556,GBIF,PRESERVED_SPECIMEN,1424231608,Dinizia excelsa
Dinizia excelsa Ducke,-84.00361,10.43138,GBIF,PRESERVED_SPECIMEN,4061084103,Dinizia excelsa
Dinizia excelsa Ducke,-56.7889,2.325,GBIF,PRESERVED_SPECIMEN,1456007215,Dinizia excelsa
Dinizia excelsa Ducke,-56.78889,2.325,GBIF,PRESERVED_SPECIMEN,2515074151,Dinizia excelsa
Dinizia excelsa Ducke,-56.788889,2.325,GBIF,PRESERVED_SPECIMEN,4947583628,Dinizia excelsa
Dinizia excelsa Ducke,-56.7722,2.35056,GBIF,PRESERVED_SPECIMEN,1456354622,Dinizia excelsa
Dinizia excelsa Ducke,-60.658681,-3.154839,GBIF,PRESERVED_SPECIMEN,5053820358,Dinizia excelsa
Dinizia excelsa Ducke,-62.089167,-1.028611,GBIF,PRESERVED_SPECIMEN,1423973695,Dinizia excelsa
Dinizia excelsa Ducke,-62.05,-1.01,GBIF,PRESERVED_SPECIMEN,2302451366,Dinizia excelsa
Dinizia excelsa Ducke,-51.986389,-2.301667,GBIF,PRESERVED_SPECIMEN,1314873399,Dinizia excelsa
Dinizia excelsa Ducke,-48.473333,-2.102778,GBIF,PRESERVED_SPECIMEN,2302449845,Dinizia excelsa
Dinizia excelsa Ducke,-48.330556,-3.34,GBIF,PRESERVED_SPECIMEN,2302451249,Dinizia excelsa
Dinizia excelsa Ducke,-48.288222,-3.725667,GBIF,PRESERVED_SPECIMEN,1303586911,Dinizia excelsa
Dinizia excelsa Ducke,-48.171667,-3.433333,GBIF,PRESERVED_SPECIMEN,2302450776,Dinizia excelsa
Dinizia excelsa Ducke,-48.483611,-3.285833,GBIF,PRESERVED_SPECIMEN,2302451226,Dinizia excelsa
Dinizia excelsa Ducke,-48.465556,-3.282778,GBIF,PRESERVED_SPECIMEN,2302452001,Dinizia excelsa
Dinizia excelsa Ducke,-48.470278,-3.290278,GBIF,PRESERVED_SPECIMEN,2302452224,Dinizia excelsa
Dinizia excelsa Ducke,-49.16,-3.035278,GBIF,PRESERVED_SPECIMEN,2302451445,Dinizia excelsa
Dinizia excelsa Ducke,-48.297778,-3.355,GBIF,PRESERVED_SPECIMEN,2302450797,Dinizia excelsa
Dinizia excelsa Ducke,-58.73833,1.78944,GBIF,PRESERVED_SPECIMEN,1260251886,Dinizia excelsa
Dinizia excelsa Ducke,-58.7383,1.78944,GBIF,PRESERVED_SPECIMEN,1456464353,Dinizia excelsa
Dinizia excelsa Ducke,-58.738333,1.789444,GBIF,PRESERVED_SPECIMEN,4947574286,Dinizia excelsa
Dinizia excelsa Ducke,-59.407778,-10.223611,GBIF,PRESERVED_SPECIMEN,4953875241,Dinizia excelsa
Dinizia excelsa Ducke,-59.2861,2.08,GBIF,PRESERVED_SPECIMEN,1456403653,Dinizia excelsa
Dinizia excelsa Ducke,-59.283333,2.066667,GBIF,PRESERVED_SPECIMEN,4947544486,Dinizia excelsa
Dinizia excelsa Ducke,-60.08333,-2.31666,GBIF,PRESERVED_SPECIMEN,1260252230,Dinizia excelsa
Dinizia excelsa Ducke,-60.083333,-2.316667,GBIF,PRESERVED_SPECIMEN,1424302935,Dinizia excelsa
Dinizia excelsa Ducke,0,0,GBIF,PRESERVED_SPECIMEN,2996768069,Dinizia excelsa
Dinizia excelsa Ducke,-59.860682,-2.442484,GBIF,PRESERVED_SPECIMEN,1931244114,Dinizia excelsa
Dinizia excelsa Ducke,-59.860556,-2.4425,GBIF,PRESERVED_SPECIMEN,2997848316,Dinizia excelsa
Dinizia excelsa Ducke,-59.685474,-2.31537,GBIF,PRESERVED_SPECIMEN,1931141490,Dinizia excelsa
Dinizia excelsa Ducke,-59.685556,-2.315278,GBIF,PRESERVED_SPECIMEN,2997906713,Dinizia excelsa
Dinizia excelsa Ducke,-60.063819,-3.553975,GBIF,PRESERVED_SPECIMEN,5053820427,Dinizia excelsa
Dinizia excelsa Ducke,-59.116667,0.583333,GBIF,PRESERVED_SPECIMEN,912641000,Dinizia excelsa
Dinizia excelsa Ducke,-59.116667,-0.583333,GBIF,PRESERVED_SPECIMEN,2998177518,Dinizia excelsa
Dinizia excelsa Ducke,-59.888583,-2.429224,GBIF,PRESERVED_SPECIMEN,1927839694,Dinizia excelsa
Dinizia excelsa Ducke,-59.888611,-2.429167,GBIF,PRESERVED_SPECIMEN,2998071388,Dinizia excelsa
Dinizia excelsa Ducke,-63,-5,GBIF,PRESERVED_SPECIMEN,1228314764,Dinizia excelsa
Dinizia excelsa Ducke,-59.7458,-2.41625,GBIF,PRESERVED_SPECIMEN,1563231999,Dinizia excelsa
Dinizia excelsa Ducke,-59.74583,-2.41625,GBIF,PRESERVED_SPECIMEN,2562909064,Dinizia excelsa
Dinizia excelsa Ducke,-59.727778,-2.407222,GBIF,PRESERVED_SPECIMEN,5054585373,Dinizia excelsa
Dinizia excelsa Ducke,-58.63333,1.65,GBIF,PRESERVED_SPECIMEN,438534912,Dinizia excelsa
Dinizia excelsa Ducke,-58.63,1.65,GBIF,PRESERVED_SPECIMEN,1456237971,Dinizia excelsa
Dinizia excelsa Ducke,-58.633333,1.65,GBIF,PRESERVED_SPECIMEN,2997345799,Dinizia excelsa
Dinizia excelsa Ducke,-52.85,-0.45,GBIF,PRESERVED_SPECIMEN,912641015,Dinizia excelsa
Dinizia excelsa Ducke,-52.916667,-1.116667,GBIF,PRESERVED_SPECIMEN,1314876449,Dinizia excelsa
Dinizia excelsa Ducke,-52.583333,-0.666667,GBIF,PRESERVED_SPECIMEN,1314876483,Dinizia excelsa
Dinizia excelsa Ducke,-54.718333,-2.436111,GBIF,PRESERVED_SPECIMEN,4455839270,Dinizia excelsa
Dinizia excelsa Ducke,-63.216667,-9.1,GBIF,PRESERVED_SPECIMEN,1257579480,Dinizia excelsa
Dinizia excelsa Ducke,-63.22,-9.1,GBIF,PRESERVED_SPECIMEN,1927796099,Dinizia excelsa
Dinizia excelsa Ducke,-59.97,-2.883333,GBIF,PRESERVED_SPECIMEN,1042469202,Dinizia excelsa
Dinizia excelsa Ducke,-53.58333,3.05,GBIF,PRESERVED_SPECIMEN,2515367873,Dinizia excelsa
Dinizia excelsa Ducke,-52,1,GBIF,PRESERVED_SPECIMEN,1228209913,Dinizia excelsa
Dinizia excelsa Ducke,-51.616667,0.166667,GBIF,PRESERVED_SPECIMEN,1314874451,Dinizia excelsa
Dinizia excelsa Ducke,-51.62,0.17,GBIF,PRESERVED_SPECIMEN,1563264344,Dinizia excelsa
Dinizia excelsa Ducke,-51.62,-0.17,GBIF,PRESERVED_SPECIMEN,2997949348,Dinizia excelsa
Dinizia excelsa Ducke,-58.966667,-4.116667,GBIF,PRESERVED_SPECIMEN,1423973642,Dinizia excelsa
Dinizia excelsa Ducke,-58.966667,-0.116667,GBIF,PRESERVED_SPECIMEN,1314876322,Dinizia excelsa
Dinizia excelsa Ducke,-51.616667,-0.166667,GBIF,PRESERVED_SPECIMEN,2998482758,Dinizia excelsa
Dinizia excelsa Ducke,-63.116667,-9.166667,GBIF,PRESERVED_SPECIMEN,912640937,Dinizia excelsa
Dinizia excelsa Ducke,-63,-11,GBIF,PRESERVED_SPECIMEN,1228312371,Dinizia excelsa
Dinizia excelsa Ducke,-63.11666,-9.16666,GBIF,PRESERVED_SPECIMEN,1260255018,Dinizia excelsa
Dinizia excelsa Ducke,-63.12,-9.17,GBIF,PRESERVED_SPECIMEN,1563237794,Dinizia excelsa
Dinizia excelsa Ducke,-59.87,-2.4,GBIF,PRESERVED_SPECIMEN,1563207098,Dinizia excelsa
Dinizia excelsa Ducke,-59.35,-10.2,GBIF,PRESERVED_SPECIMEN,912640968,Dinizia excelsa
Dinizia excelsa Ducke,-10.2,59.35,GBIF,PRESERVED_SPECIMEN,1314822613,Dinizia excelsa
Dinizia excelsa Ducke,-59.800556,-2.991389,GBIF,PRESERVED_SPECIMEN,1077302978,Dinizia excelsa
Dinizia excelsa Ducke,-60.05,-3.166667,GBIF,PRESERVED_SPECIMEN,5066695433,Dinizia excelsa
Dinizia excelsa Ducke,-60.025,-3.101944,GBIF,PRESERVED_SPECIMEN,4953433493,Dinizia excelsa
Dinizia excelsa Ducke,-53,-4,GBIF,PRESERVED_SPECIMEN,1228242695,Dinizia excelsa
Dinizia excelsa Ducke,-74.14,-9.1839,GBIF,PRESERVED_SPECIMEN,1228152715,Dinizia excelsa
Dinizia excelsa Ducke,-53.08982,-10.773109,GBIF,PRESERVED_SPECIMEN,1055928705,Dinizia excelsa
Dinizia excelsa Ducke,-59.96,-2.342,GBIF,PRESERVED_SPECIMEN,1042542577,Dinizia excelsa
Dinizia excelsa Ducke,-60.08,-2.316667,GBIF,PRESERVED_SPECIMEN,1042561487,Dinizia excelsa
Dinizia excelsa Ducke,-63.12,-9.166667,GBIF,PRESERVED_SPECIMEN,1042663633,Dinizia excelsa
Dinizia excelsa Ducke,-58.97,-4.116667,GBIF,PRESERVED_SPECIMEN,1042673380,Dinizia excelsa
Dinizia excelsa Ducke,-56.89,-2.158167,GBIF,PRESERVED_SPECIMEN,1042676078,Dinizia excelsa
Dinizia excelsa Ducke,-65.1,-4.867889,GBIF,PRESERVED_SPECIMEN,1042677716,Dinizia excelsa
Dinizia excelsa Ducke,-59,-1,GBIF,PRESERVED_SPECIMEN,1042678928,Dinizia excelsa
Dinizia excelsa Ducke,-65.14,-4.881111,GBIF,PRESERVED_SPECIMEN,1042687289,Dinizia excelsa
Dinizia excelsa Ducke,-64.62,-9.263056,GBIF,PRESERVED_SPECIMEN,1042693025,Dinizia excelsa
Dinizia excelsa Ducke,-64.21,-9.173333,GBIF,PRESERVED_SPECIMEN,1042693801,Dinizia excelsa
Dinizia excelsa Ducke,-64.35,-9.244167,GBIF,PRESERVED_SPECIMEN,1042698136,Dinizia excelsa
Dinizia excelsa Ducke,-63.99,-8.971389,GBIF,PRESERVED_SPECIMEN,1042698532,Dinizia excelsa
Dinizia excelsa Ducke,-65.16,-4.885833,GBIF,PRESERVED_SPECIMEN,1042716135,Dinizia excelsa
Dinizia excelsa Ducke,-65.15,-4.880556,GBIF,PRESERVED_SPECIMEN,1042716160,Dinizia excelsa
Dinizia excelsa Ducke,-67.81,-9.9747,GBIF,PRESERVED_SPECIMEN,1090544023,Dinizia excelsa
Dinizia excelsa Ducke,-52.8731,-10.8339,GBIF,PRESERVED_SPECIMEN,1424784214,Dinizia excelsa
Dinizia excelsa Ducke,-54.355206,-11.524631,GBIF,MATERIAL_SAMPLE,2250336801,Dinizia excelsa
Dinizia excelsa Ducke,-65.18,-4.88,GBIF,HUMAN_OBSERVATION,2465009622,Dinizia excelsa
Dinizia excelsa Ducke,-60.02528,-3.11333,GBIF,PRESERVED_SPECIMEN,2513375912,Dinizia excelsa
Dinizia excelsa Ducke,-51.855556,1.515833,GBIF,PRESERVED_SPECIMEN,2997395370,Dinizia excelsa
Dinizia excelsa Ducke,-53.23477,3.92404,GBIF,HUMAN_OBSERVATION,3847032237,Dinizia excelsa
Dinizia excelsa Ducke,-48.81,-3.483056,GBIF,PRESERVED_SPECIMEN,4415963719,Dinizia excelsa
Dinizia excelsa Ducke,-52.7,-0.783333,GBIF,PRESERVED_SPECIMEN,4947559515,Dinizia excelsa
Dinizia excelsa Ducke,-60.535278,-3.603056,GBIF,PRESERVED_SPECIMEN,5053820424,Dinizia excelsa
