especie_padrao,especie,lon,lat,fonte,origem,id_origem,bio3_isotermalidade,bio4_sazonalidade_temperatura,bio5_temp_max_mes_quente,bio8_temp_media_trimestre_umido,bio12_precipitacao_anual,bio13_precipitacao_mes_umido,bio14_precipitacao_mes_seco,bio18_precipitacao_trimestre_quente,bio19_precipitacao_trimestre_frio,celula_raster
Dinizia excelsa,Dinizia excelsa Ducke,-59.162667,-8.999722,GBIF,PRESERVED_SPECIMEN,5886261390,68.85316467285156,36.82342147827149,33.88275146484375,25.518625259399418,1992,314,8,264,118,15730
Dinizia excelsa,Dinizia excelsa Ducke,-59.968854,-2.933488,GBIF,HUMAN_OBSERVATION,5282180173,80.94942474365234,49.023834228515625,31.92599868774414,26.09166717529297,2319,304,71,391,857,9101
Dinizia excelsa,Dinizia excelsa Ducke,-51.910556,1.106389,GBIF,PRESERVED_SPECIMEN,5934879912,78.3746566772461,69.02900695800781,32.0212516784668,25.386375427246097,2392,336,59,197,864,4733
Dinizia excelsa,Dinizia excelsa Ducke,-46.799722,-3.6225,GBIF,PRESERVED_SPECIMEN,6184281981,82.82655334472656,42.42207336425781,31.697999954223633,25.42191696166992,1722,349,33,257,855,9916
Dinizia excelsa,Dinizia excelsa Ducke,-63.021667,-9.216389,GBIF,PRESERVED_SPECIMEN,5100796303,71.39488220214844,48.35960006713867,32.83625030517578,25.43020820617676,2328,383,10,513,168,16074
Dinizia excelsa,Dinizia excelsa Ducke,-51.834167,-1.799167,GBIF,PRESERVED_SPECIMEN,5058437401,83.217926025390625,51.51371765136719,32.249000549316406,25.851499557495117,2287,350,50,191,834,7861
Dinizia excelsa,Dinizia excelsa Ducke,-52.514444,-0.295278,GBIF,PRESERVED_SPECIMEN,5867697878,81.15682220458984,61.0997200012207,32.04975128173828,25.59533309936523,2360,325,50,191,835,6201
Dinizia excelsa,Dinizia excelsa Ducke,-52.531389,-0.159444,GBIF,PRESERVED_SPECIMEN,6184281045,80.857635498046875,61.97165298461914,32.02349853515625,25.51995849609375,2380,327,51,195,843,6017
Dinizia excelsa,Dinizia excelsa Ducke,-52.37,1.191389,GBIF,PRESERVED_SPECIMEN,6233137305,79.50750732421875,65.26290130615234,32.16725158691406,25.487415313720703,2393,321,63,208,827,4546
Dinizia excelsa,Dinizia excelsa Ducke,-52.833056,-0.456389,GBIF,PRESERVED_SPECIMEN,4079375498,81.09661102294922,60.82156753540039,31.657249450683594,25.262083053588867,2337,332,50,185,816,6384
Dinizia excelsa,Dinizia excelsa Ducke,-62.916111,-9.262778,GBIF,PRESERVED_SPECIMEN,5832506757,71.54638671875,47.678924560546875,32.56224822998047,25.317459106445313,2391,385,12,533,168,16075
Dinizia excelsa,Dinizia excelsa Ducke,-62,-9.116111,GBIF,PRESERVED_SPECIMEN,5236453864,70.60895538330078,42.366600036621094,33.24174880981445,25.28183364868164,2281,339,19,349,171,15897
Dinizia excelsa,Dinizia excelsa Ducke,-63.94,-8.854167,GBIF,PRESERVED_SPECIMEN,4928892891,72.32283020019531,47.810035705566406,33.25600051879883,25.843542098999023,2185,337,25,500,177,15701
Dinizia excelsa,Dinizia excelsa Ducke,-52.380833,-1.599167,GBIF,PRESERVED_SPECIMEN,3761307392,82.98522186279297,56.00164794921875,32.52799987792969,26.17366600036621,2032,320,42,158,711,7674
Dinizia excelsa,Dinizia excelsa Ducke,-52.946266,1.963061,GBIF,HUMAN_OBSERVATION,5198516425,80.69622039794922,59.14328384399414,31.990249633789063,25.200624465942383,2360,343,58,209,767,3807
Dinizia excelsa,Dinizia excelsa Ducke,-61.649722,-9.591111,GBIF,PRESERVED_SPECIMEN,1852375276,70.72169494628906,43.33748626708984,32.95075225830078,25.034332275390625,2157,338,17,260,129,16451
Dinizia excelsa,Dinizia excelsa Ducke,-61.646944,-9.359167,GBIF,PRESERVED_SPECIMEN,1423931996,70.78880310058594,42.09244918823242,32.93300247192383,25.037416458129883,2187,334,16,277,135,16267
Dinizia excelsa,Dinizia excelsa Ducke,-64.348888,-9.244167,GBIF,PRESERVED_SPECIMEN,1095257597,73.4112548828125,50.661773681640625,33.3385009765625,26.11858367919922,1996,293,25,472,173,16066
Dinizia excelsa,Dinizia excelsa Ducke,-60.09,-2.3828,GBIF,PRESERVED_SPECIMEN,1042713253,81.82691955566406,45.445594787597656,31.76549911499023,26.09608268737793,2404,319,98,427,790,8548
Dinizia excelsa,Dinizia excelsa Ducke,-56.464167,-4.672222,GBIF,PRESERVED_SPECIMEN,1314921506,77.35296630859375,54.63097381591797,32.77975082397461,26.207624435424805,2134,309,65,388,839,11146
Dinizia excelsa,Dinizia excelsa Ducke,-51.972222,0.973889,GBIF,PRESERVED_SPECIMEN,1094891943,78.49195861816406,68.9582290649414,32.010250091552734,25.351333618164063,2379,336,59,194,865,4917
Dinizia excelsa,Dinizia excelsa Ducke,-64.048056,-9.081667,GBIF,PRESERVED_SPECIMEN,1094915466,72.86280059814453,48.65624237060547,33.17274856567383,25.8439998626709,2112,322,24,488,175,15884
Dinizia excelsa,Dinizia excelsa Ducke,-64.736111,-9.444722,GBIF,PRESERVED_SPECIMEN,1094910876,74.23649597167969,52.480735778808594,33.2234992980957,26.16904067993164,1857,263,24,446,171,16248
Dinizia excelsa,Dinizia excelsa Ducke,-64.617222,-9.263055,GBIF,PRESERVED_SPECIMEN,1095252765,73.86454010009766,50.56161117553711,33.247501373291016,26.131290435791016,1948,281,25,465,172,16065
Dinizia excelsa,Dinizia excelsa Ducke,-48.798889,-2.180556,GBIF,PRESERVED_SPECIMEN,1094838042,86.45116424560547,39.39651870727539,31.7237491607666,25.92275047302246,2437,423,64,216,1156,8432
Dinizia excelsa,Dinizia excelsa Ducke,-56.893889,-2.158056,GBIF,PRESERVED_SPECIMEN,1094914201,77.27635955810547,66.43138122558594,32.89125061035156,26.25149917602539,2417,399,50,254,1012,8199
Dinizia excelsa,Dinizia excelsa Ducke,-60.658681,-3.154839,GBIF,PRESERVED_SPECIMEN,5053820358,83.69599914550781,41.37446975708008,31.86349868774414,26.34941673278809,2236,304,51,363,876,9281
Dinizia excelsa,Dinizia excelsa Ducke,-62.05,-1.01,GBIF,PRESERVED_SPECIMEN,2302451366,87.56275177001953,31.432470321655273,31.506250381469727,26.12787437438965,2594,341,150,474,832,7064
Dinizia excelsa,Dinizia excelsa Ducke,-48.330556,-3.34,GBIF,PRESERVED_SPECIMEN,2302451249,86.885955810546875,40.19551467895508,31.6877498626709,25.675582885742188,2045,386,42,205,1016,9723
Dinizia excelsa,Dinizia excelsa Ducke,-48.483611,-3.285833,GBIF,PRESERVED_SPECIMEN,2302451226,87.18194580078125,40.714012145996094,31.860750198364254,25.855499267578125,2125,397,46,209,1051,9538
Dinizia excelsa,Dinizia excelsa Ducke,-59.407778,-10.223611,GBIF,PRESERVED_SPECIMEN,4953875241,68.28376770019531,49.40061950683594,33.872249603271484,24.959625244140625,1949,332,8,230,91,17200
Dinizia excelsa,Dinizia excelsa Ducke,-59.860682,-2.442484,GBIF,PRESERVED_SPECIMEN,1931244114,81.28404235839844,47.41268157958984,31.71125030517578,26.01241683959961,2393,319,98,421,792,8549
Dinizia excelsa,Dinizia excelsa Ducke,-59.685556,-2.315278,GBIF,PRESERVED_SPECIMEN,2997906713,81.02991485595703,48.05419158935547,31.919750213623047,26.181625366210938,2398,324,106,410,789,8366
Dinizia excelsa,Dinizia excelsa Ducke,-60.063819,-3.553975,GBIF,PRESERVED_SPECIMEN,5053820427,81.84859466552734,45.436492919921875,32.118499755859375,26.447250366210938,2184,285,60,369,834,9836
Dinizia excelsa,Dinizia excelsa Ducke,-59.74583,-2.41625,GBIF,PRESERVED_SPECIMEN,2562909064,80.78584289550781,48.940696716308594,31.828248977661133,26.087833404541016,2376,315,98,408,802,8550
Dinizia excelsa,Dinizia excelsa Ducke,-63.216667,-9.1,GBIF,PRESERVED_SPECIMEN,1257579480,71.271820068359375,48.023101806640625,33.02425003051758,25.540708541870117,2297,370,13,504,176,15889
Dinizia excelsa,Dinizia excelsa Ducke,-51.616667,0.166667,GBIF,PRESERVED_SPECIMEN,1314874451,78.87757873535156,68.5295181274414,32.748748779296875,25.798166275024418,2338,345,37,150,901,5655
Dinizia excelsa,Dinizia excelsa Ducke,-51.62,-0.17,GBIF,PRESERVED_SPECIMEN,2997949348,80.06658935546875,64.2341537475586,32.951751708984375,25.953582763671875,2383,329,46,194,900,6207
Dinizia excelsa,Dinizia excelsa Ducke,-58.966667,-4.116667,GBIF,PRESERVED_SPECIMEN,1423973642,79.57337951660156,50.833099365234375,32.54999923706055,26.591251373291016,2234,292,85,362,837,10395
Dinizia excelsa,Dinizia excelsa Ducke,-63.11666,-9.16666,GBIF,PRESERVED_SPECIMEN,1260255018,71.58234405517578,48.47687149047851,32.586997985839844,25.401500701904297,2351,380,13,510,177,15890
Dinizia excelsa,Dinizia excelsa Ducke,-54.355206,-11.524631,GBIF,MATERIAL_SAMPLE,2250336801,68.98633575439453,64.53893280029297,34.56850051879883,25.13774871826172,1890,331,1,481,47,18702
Dinizia excelsa,Dinizia excelsa Ducke,-65.18,-4.88,GBIF,HUMAN_OBSERVATION,2465009622,83.782257080078125,28.218034744262695,32.050750732421875,26.379249572753903,2442,316,89,500,408,11277
Dinizia excelsa,Dinizia excelsa Ducke,-60.535278,-3.603056,GBIF,PRESERVED_SPECIMEN,5053820424,83.71955108642578,39.335968017578125,32.06449890136719,26.451915740966797,2246,298,57,377,866,9833
Dinizia excelsa,Dinizia excelsa Ducke,-56.126789,-9.839442,Inventario_ou_base_local,Arquivo local,NA,66.76979064941406,66.635986328125,36.36125183105469,25.923166275024418,2235,339,8,339,991,16852
Dinizia excelsa,Dinizia excelsa Ducke,-53.837778,-3.389167,Inventario_ou_base_local,Arquivo local,NA,79.39440155029297,52.68865585327149,31.072500228881836,24.802583694458008,1674,299,39,172,751,9689
Dinizia excelsa,Dinizia excelsa Ducke,-62.944722,-9.116111,Inventario_ou_base_local,Arquivo local,NA,71.64078521728516,47.546852111816406,32.5099983215332,25.34633445739746,2410,390,14,533,176,15891
Dinizia excelsa,Dinizia excelsa Ducke,-57.846944,-9.122222,Inventario_ou_base_local,Arquivo local,NA,67.594818115234375,38.75631332397461,34.22875213623047,25.40945816040039,1959,316,7,271,888,15921
Dinizia excelsa,Dinizia excelsa Ducke,-52.380833,-1.3825,Inventario_ou_base_local,Arquivo local,NA,82.68817901611328,56.89046478271485,32.548500061035156,26.10562515258789,2087,320,44,168,707,7490
Dinizia excelsa,Dinizia excelsa Ducke,-53.244722,-0.764722,Inventario_ou_base_local,Arquivo local,NA,80.872100830078125,62.30110549926758,30.87299919128418,24.51704216003418,2163,319,53,169,770,6749
Dinizia excelsa,Dinizia excelsa Ducke,-51.658889,0.9675,Inventario_ou_base_local,Arquivo local,NA,77.76630401611328,70.84114837646484,32.27674865722656,25.65216636657715,2319,337,42,151,882,4919
Dinizia excelsa,Dinizia excelsa Ducke,-48.583333,-3.794722,Inventario_ou_base_local,Arquivo local,NA,85.63500213623047,42.44490814208984,32.05699920654297,25.776582717895508,2044,383,36,211,1021,10089
Dinizia excelsa,Dinizia excelsa Ducke,-63.251111,-8.915278,Inventario_ou_base_local,Arquivo local,NA,72.39253234863281,45.38854217529297,32.66225051879883,25.48370933532715,2287,363,15,500,178,15705
Dinizia excelsa,Dinizia excelsa Ducke,-56.306111,-1.655278,Inventario_ou_base_local,Arquivo local,NA,79.0546646118164,64.2703628540039,32.88574981689453,26.35212516784668,2413,395,72,293,950,7651
Dinizia excelsa,Dinizia excelsa Ducke,-61.595136,-7.948514,Inventario_ou_base_local,Arquivo local,NA,72.08264923095703,37.34532165527344,33.41350173950195,25.65858268737793,2446,370,22,364,215,14611
Dinizia excelsa,Dinizia excelsa Ducke,-51.954722,-3.227222,Inventario_ou_base_local,Arquivo local,NA,79.98931121826172,56.432159423828125,32.276248931884766,25.126249313354492,2133,371,36,154,972,9517
Dinizia excelsa,Dinizia excelsa Ducke,-64.205556,-9.143889,Inventario_ou_base_local,Arquivo local,NA,73.23704528808594,48.799835205078125,33.14925003051758,25.975582122802734,2064,311,24,481,172,15883
Dinizia excelsa,Dinizia excelsa Ducke,-63.591667,-8.581667,Inventario_ou_base_local,Arquivo local,NA,72.02839660644531,44.630950927734375,32.94049835205078,25.742584228515625,2232,345,18,493,175,15335
Dinizia excelsa,Dinizia excelsa Ducke,-64.591356,-9.411556,Inventario_ou_base_local,Arquivo local,NA,73.602935791015625,52.54551696777344,33.40925216674805,26.13545799255371,1920,275,25,461,175,16249
Dinizia excelsa,Dinizia excelsa Ducke,-64.654939,-9.620525,Inventario_ou_base_local,Arquivo local,NA,73.82600402832031,53.68148422241211,33.265499114990234,26.085248947143555,1884,273,24,449,171,16433
Dinizia excelsa,Dinizia excelsa Ducke,-60.285058,-2.439172,Inventario_ou_base_local,Arquivo local,NA,82.43030548095703,43.41608047485352,31.79800033569336,26.19270896911621,2389,319,93,424,795,8547
Dinizia excelsa,Dinizia excelsa Ducke,-56,-4,Inventario_ou_base_local,Arquivo local,NA,77.2273941040039,61.41438293457031,33.09175109863281,26.128082275390625,2019,306,66,305,829,10413
Dinizia excelsa,Dinizia excelsa Ducke,-51.972222,-0.973889,Inventario_ou_base_local,Arquivo local,NA,82.09739685058594,56.55431365966797,32.614749908447266,26.063791275024418,2500,361,52,227,846,6941
Dinizia excelsa,Dinizia excelsa Ducke,-64.736111,-9.744722,Inventario_ou_base_local,Arquivo local,NA,74.5223388671875,55.49674987792969,33.11600112915039,26.146041870117188,1807,270,23,428,165,16616
Dinizia excelsa,Dinizia excelsa Ducke,-65.355556000000007,-4.898333,Inventario_ou_base_local,Arquivo local,NA,83.62947845458984,28.80950355529785,32.035247802734375,26.37583351135254,2461,319,87,502,408,11276
Dinizia excelsa,Dinizia excelsa Ducke,-64.95,-9.646944,Inventario_ou_base_local,Arquivo local,NA,74.60795593261719,54.94429016113281,33.16025161743164,26.267749786376953,1779,262,22,426,163,16431
Dinizia excelsa,Dinizia excelsa Ducke,-48.798889,-2.797222,Inventario_ou_base_local,Arquivo local,NA,87.70086669921875,40.61542892456055,31.78949928283691,25.851417541503903,2312,417,52,211,1124,8984
Dinizia excelsa,Dinizia excelsa Ducke,-56.893889,-2.891389,Inventario_ou_base_local,Arquivo local,NA,76.26275634765625,67.24627685546875,33.07324981689453,26.430707931518555,2474,341,75,289,941,9119
Dinizia excelsa,Dinizia excelsa Ducke,-59,-1,Inventario_ou_base_local,Arquivo local,NA,79.74312591552734,51.84115982055664,32.23225021362305,26.27833366394043,2273,339,101,313,646,7083
Dinizia excelsa,Dinizia excelsa Ducke,-56.457222,-1.815556,Inventario_ou_base_local,Arquivo local,NA,78.56199645996094,65.53587341308594,32.84225082397461,26.23200035095215,2431,399,61,274,983,7834
Dinizia excelsa,Dinizia excelsa Ducke,-51.986389,-2.301667,Inventario_ou_base_local,Arquivo local,NA,83.08879852294922,51.74192810058594,32.23149871826172,25.84145736694336,2174,342,47,163,878,8413
Dinizia excelsa,Dinizia excelsa Ducke,-48.473333,-2.102778,Inventario_ou_base_local,Arquivo local,NA,86.66753387451172,37.96368789672851,31.253250122070313,25.771333694458008,2390,419,72,334,1133,8250
Dinizia excelsa,Dinizia excelsa Ducke,-48.288222,-3.725667,Inventario_ou_base_local,Arquivo local,NA,85.0475082397461,41.24590301513672,31.98175048828125,25.653541564941406,1964,374,36,207,983,10091
Dinizia excelsa,Dinizia excelsa Ducke,-49.16,-3.035278,Inventario_ou_base_local,Arquivo local,NA,87.34009552001953,43.505584716796875,32.1515007019043,25.97366714477539,2350,423,46,213,1142,9350
Dinizia excelsa,Dinizia excelsa Ducke,-59.116667,-0.583333,Inventario_ou_base_local,Arquivo local,NA,80.0585708618164,51.33632278442383,32.129249572753906,26.200166702270508,2221,333,103,322,714,6530
Dinizia excelsa,Dinizia excelsa Ducke,-59.116667,0.583333,Inventario_ou_base_local,Arquivo local,NA,79.5179443359375,53.92979049682617,32.474998474121094,26.253623962402344,1925,334,79,261,817,5242
Dinizia excelsa,Dinizia excelsa Ducke,-63,-5,Inventario_ou_base_local,Arquivo local,NA,83.37376403808594,26.73757553100586,32.41475296020508,26.704124450683594,2406,307,80,665,389,11475
Dinizia excelsa,Dinizia excelsa Ducke,-52.916667,-1.116667,Inventario_ou_base_local,Arquivo local,NA,81.69377136230469,61.066070556640625,32.26824951171875,25.820249557495117,1903,286,41,142,653,7119
Dinizia excelsa,Dinizia excelsa Ducke,-52.583333,-0.666667,Inventario_ou_base_local,Arquivo local,NA,81.31414031982422,62.38731002807617,32.42974853515625,25.808334350585938,2254,321,50,182,769,6753
Dinizia excelsa,Dinizia excelsa Ducke,-52.7,-0.783333,Inventario_ou_base_local,Arquivo local,NA,81.25950622558594,61.535404205322266,31.978500366210938,25.465499877929688,2171,310,49,171,750,6752
Dinizia excelsa,Dinizia excelsa Ducke,-54.718333,-2.436111,Inventario_ou_base_local,Arquivo local,NA,77.29105377197266,63.638057708740234,31.684249877929688,25.825416564941406,1989,361,29,140,976,8580
Dinizia excelsa,Dinizia excelsa Ducke,-58.966667,-0.116667,Inventario_ou_base_local,Arquivo local,NA,79.57200622558594,52.8272590637207,31.878999710083008,25.74795913696289,2155,341,97,307,774,5979
Dinizia excelsa,Dinizia excelsa Ducke,-63,-11,Inventario_ou_base_local,Arquivo local,NA,71.32849884033203,56.46332931518555,32.916500091552734,24.739999771118164,1729,284,10,257,117,18099
Dinizia excelsa,Dinizia excelsa Ducke,-60.05,-3.166667,Inventario_ou_base_local,Arquivo local,NA,81.79431915283203,49.14425277709961,32.04050064086914,26.337749481201172,2198,298,54,368,863,9468
Dinizia excelsa,Dinizia excelsa Ducke,-59.800556,-2.991389,Inventario_ou_base_local,Arquivo local,NA,80.688385009765625,49.45139694213867,31.88774871826172,26.183834075927734,2345,304,79,397,852,9102
Dinizia excelsa,Dinizia excelsa Ducke,-53,-4,Inventario_ou_base_local,Arquivo local,NA,79.53461456298828,46.73554992675781,31.556499481201172,24.70716667175293,1722,309,36,183,811,10431
Dinizia excelsa,Dinizia excelsa Ducke,-52.8731,-10.8339,Inventario_ou_base_local,Arquivo local,NA,69.62115478515625,56.69300079345703,34.96424865722656,25.757583618164063,2063,347,3,539,57,17975
Dinizia excelsa,Dinizia excelsa Ducke,-51.855556,1.515833,Inventario_ou_base_local,Arquivo local,NA,77.81646728515625,68.22516632080078,32.217498779296875,25.478166580200195,2446,335,54,193,872,4181
Dinizia excelsa,Dinizia excelsa Ducke,-67.81,-9.9747,Inventario_ou_base_local,Arquivo local,NA,70.40094757080078,85.01011657714844,32.122249603271484,25.757333755493164,1668,206,61,485,227,16782
Dinizia excelsa,Dinizia excelsa Ducke,-48.81,-3.483056,Inventario_ou_base_local,Arquivo local,NA,87.7900161743164,41.86274337768555,31.859498977661133,25.86170768737793,2168,401,42,209,1076,9720
Dinizia excelsa,Dinizia excelsa Ducke,-52.63,0.57,Inventario_ou_base_local,Arquivo local,NA,80.29267120361328,64.842437744140625,30.774999618530273,24.183582305908203,2413,321,60,209,844,5281
Dinizia excelsa,Dinizia excelsa Ducke,-52.08,0.39,Inventario_ou_base_local,Arquivo local,NA,79.930755615234375,65.759979248046875,31.98324966430664,25.418874740600582,2380,328,52,188,865,5468
Dinizia excelsa,Dinizia excelsa Ducke,-51.61687,-0.012935833,Inventario_ou_base_local,Arquivo local,NA,79.63191986083984,65.7543716430664,32.82099914550781,25.856250762939453,2372,337,42,176,905,6023
Dinizia excelsa,Dinizia excelsa Ducke,-51.18,2.75,Inventario_ou_base_local,Arquivo local,NA,75.32393646240234,66.43402099609375,32.5994987487793,25.80179214477539,2807,413,51,196,987,2897
Dinizia excelsa,Dinizia excelsa Ducke,-51.36,1.35,Inventario_ou_base_local,Arquivo local,NA,76.36022186279297,72.65238189697266,32.20750045776367,25.54341697692871,2421,344,42,153,923,4368
Dinizia excelsa,Dinizia excelsa Ducke,-51.71,2.48,Inventario_ou_base_local,Arquivo local,NA,76.53456115722656,65.8624496459961,32.22249984741211,25.34612464904785,2635,381,55,201,910,3262
Dinizia excelsa,Dinizia excelsa Ducke,-51.04,2.21,Inventario_ou_base_local,Arquivo local,NA,73.94593811035156,73.14632415771484,32.58124923706055,25.90541648864746,2656,383,42,161,958,3450
Dinizia excelsa,Dinizia excelsa Ducke,-52.45,0.9,Inventario_ou_base_local,Arquivo local,NA,79.90779113769531,65.03289794921875,32.054500579833984,25.42104148864746,2393,320,63,210,829,4914
Dinizia excelsa,Dinizia excelsa Ducke,-51.18,3.24,Inventario_ou_base_local,Arquivo local,NA,74.10740661621094,62.537696838378906,32.94974899291992,25.947250366210938,2955,437,52,208,1040,2345
Dinizia excelsa,Dinizia excelsa Ducke,-51.31,2.93,Inventario_ou_base_local,Arquivo local,NA,75.12821197509766,64.55435943603516,32.60350036621094,25.786209106445313,2844,423,51,188,1008,2713
Dinizia excelsa,Dinizia excelsa Ducke,-51.899289,0.129209,Inventario_ou_base_local,Arquivo local,NA,80.16618347167969,64.46949768066406,32.22650146484375,25.686708450317383,2389,330,47,183,882,5837
Dinizia excelsa,Dinizia excelsa Ducke,-51.18,1.76,Inventario_ou_base_local,Arquivo local,NA,75.20294189453125,73.1820297241211,32.3432502746582,25.714458465576172,2505,358,40,154,943,4001
Dinizia excelsa,Dinizia excelsa Ducke,-51.4,2.39,Inventario_ou_base_local,Arquivo local,NA,75.67882537841797,68.14057159423828,32.47774887084961,25.687957763671875,2691,388,51,193,938,3264
Dinizia excelsa,Dinizia excelsa Ducke,-51.8,3.43,Inventario_ou_base_local,Arquivo local,NA,75.0655517578125,56.937232971191406,32.486000061035156,25.46404266357422,3153,500,78,280,1038,2158
Dinizia excelsa,Dinizia excelsa Ducke,-51.04,2.93,Inventario_ou_base_local,Arquivo local,NA,74.76756286621094,65.9004135131836,32.736751556396484,25.982500076293945,2743,392,40,163,1017,2714
Dinizia excelsa,Dinizia excelsa Ducke,-51.18,3.43,Inventario_ou_base_local,Arquivo local,NA,72.20857238769531,62.414608001708984,33.23524856567383,26.0488338470459,2964,419,53,213,1065,2161
Dinizia excelsa,Dinizia excelsa Ducke,-51.04,2.48,Inventario_ou_base_local,Arquivo local,NA,74.0407943725586,72.23548126220703,32.7130012512207,25.944292068481445,2665,388,43,162,957,3266
Dinizia excelsa,Dinizia excelsa Ducke,-51.31,2.16,Inventario_ou_base_local,Arquivo local,NA,74.86346435546875,72.06009674072266,32.4057502746582,25.753000259399418,2595,371,45,168,948,3633
Dinizia excelsa,Dinizia excelsa Ducke,-51.53,2.03,Inventario_ou_base_local,Arquivo local,NA,76.58323669433594,69.57140350341797,32.013248443603516,25.26224899291992,2574,362,52,192,921,3631
Dinizia excelsa,Dinizia excelsa Ducke,-52.18,1.22,Inventario_ou_base_local,Arquivo local,NA,79.15091705322266,66.46350860595703,32.052249908447266,25.377500534057617,2406,325,63,207,844,4547
Dinizia excelsa,Dinizia excelsa Ducke,-52.22,0.81,Inventario_ou_base_local,Arquivo local,NA,79.82855987548828,65.7359619140625,31.930500030517575,25.334583282470703,2395,324,61,207,844,5099
Dinizia excelsa,Dinizia excelsa Ducke,-51.93,2.93,Inventario_ou_base_local,Arquivo local,NA,75.55289459228516,59.46723556518555,32.35200119018555,25.339750289916992,2775,414,59,253,934,2709
Dinizia excelsa,Dinizia excelsa Ducke,-51.75,3.24,Inventario_ou_base_local,Arquivo local,NA,75.0606918334961,57.92072296142578,32.44050216674805,25.414125442504883,3002,463,72,257,1003,2342
Dinizia excelsa,Dinizia excelsa Ducke,-52.35,0.16,Inventario_ou_base_local,Arquivo local,NA,80.518951416015625,63.537132263183594,31.69824981689453,25.17191696166992,2397,318,52,195,857,5834
Dinizia excelsa,Dinizia excelsa Ducke,-52.95556944,1.018297222,Inventario_ou_base_local,Arquivo local,NA,80.78667449951172,63.070194244384766,31.513750076293945,24.8439998626709,2367,326,61,212,794,4727
Dinizia excelsa,Dinizia excelsa Ducke,-52.08,0.9,Inventario_ou_base_local,Arquivo local,NA,78.99652862548828,67.31892395019531,32.19874954223633,25.532291412353516,2404,331,65,210,851,4916
Dinizia excelsa,Dinizia excelsa Ducke,-52.08,1.26,Inventario_ou_base_local,Arquivo local,NA,78.92192840576172,67.700164794921875,32.138999938964844,25.45862579345703,2411,328,62,203,857,4548
Dinizia excelsa,Dinizia excelsa Ducke,-53.225626,0.77088,Inventario_ou_base_local,Arquivo local,NA,81.27461242675781,60.67563247680664,31.760250091552734,25.143333435058594,2324,329,60,212,785,5093
Dinizia excelsa,Dinizia excelsa Ducke,-52.384179,0.730238,Inventario_ou_base_local,Arquivo local,NA,80.150299072265625,65.02742004394531,31.780000686645508,25.176708221435547,2406,320,61,211,835,5098
Dinizia excelsa,Dinizia excelsa Ducke,-60.17,-2.63,Inventario_ou_base_local,Arquivo local,NA,82.4005355834961,43.955692291259766,31.808250427246097,26.222749710083008,2355,313,82,409,821,8731
Dinizia excelsa,Dinizia excelsa Ducke,-51.51,-1.73,Inventario_ou_base_local,Arquivo local,NA,83.68457794189453,48.858375549316406,32.18299865722656,25.774999618530273,2231,329,48,190,831,7863
