especie,especie_padrao,lon,lat,bio4_sazonalidade_temperatura,bio5_temp_max_mes_quente,bio12_precipitacao_anual,bio14_precipitacao_mes_seco,bio18_precipitacao_trimestre_quente,elevacao,declividade,pa,tipo
Dinizia excelsa Ducke,Dinizia excelsa,-59.162667,-8.999722,36.823421478271484,33.88275146484375,1992,8,264,183,0.1103033795952797,1,Presenca
Dinizia excelsa Ducke,Dinizia excelsa,-59.968854,-2.933488,49.023834228515625,31.92599868774414,2319,71,391,78,0.08839131891727448,1,Presenca
Dinizia excelsa Ducke,Dinizia excelsa,-51.910556,1.106389,69.02900695800781,32.0212516784668,2392,59,197,175,0.026064278557896614,1,Presenca
Dinizia excelsa Ducke,Dinizia excelsa,-46.799722,-3.6225,42.42207336425781,31.697999954223633,1722,33,257,148,0.12278024852275848,1,Presenca
Dinizia excelsa Ducke,Dinizia excelsa,-63.021667,-9.216389,48.35960006713867,32.83625030517578,2328,10,513,116,0.03334523364901543,1,Presenca
Dinizia excelsa Ducke,Dinizia excelsa,-51.834167,-1.799167,51.51371765136719,32.249000549316406,2287,50,191,40,0.04690376669168472,1,Presenca
Dinizia excelsa Ducke,Dinizia excelsa,-52.514444,-0.295278,61.0997200012207,32.04975128173828,2360,50,191,127,0.12047282606363297,1,Presenca
Dinizia excelsa Ducke,Dinizia excelsa,-52.531389,-0.159444,61.97165298461914,32.02349853515625,2380,51,195,146,0.07775884866714478,1,Presenca
Dinizia excelsa Ducke,Dinizia excelsa,-52.37,1.191389,65.26290130615234,32.16725158691406,2393,63,208,156,0.023932766169309616,1,Presenca
Dinizia excelsa Ducke,Dinizia excelsa,-52.833056,-0.456389,60.82156753540039,31.657249450683594,2337,50,185,189,0.22680871188640594,1,Presenca
Dinizia excelsa Ducke,Dinizia excelsa,-62.916111,-9.262778,47.678924560546875,32.56224822998047,2391,12,533,121,0.03662677854299545,1,Presenca
Dinizia excelsa Ducke,Dinizia excelsa,-62,-9.116111,42.28963088989258,33.14799880981445,2307,19,563,128,0.06633361428976059,1,Presenca
Dinizia excelsa Ducke,Dinizia excelsa,-63.94,-8.854167,47.810035705566406,33.25600051879883,2185,25,500,99,0.02921220473945141,1,Presenca
Dinizia excelsa Ducke,Dinizia excelsa,-52.380833,-1.599167,56.00164794921875,32.52799987792969,2032,42,158,4,0.027253320440649986,1,Presenca
Dinizia excelsa Ducke,Dinizia excelsa,-52.946266,1.963061,59.14328384399414,31.990249633789063,2360,58,209,217,0.18706610798835754,1,Presenca
Dinizia excelsa Ducke,Dinizia excelsa,-61.649722,-9.591111,43.337486267089844,32.95075225830078,2157,17,260,152,0.01710447110235691,1,Presenca
Dinizia excelsa Ducke,Dinizia excelsa,-61.646944,-9.359167,42.09244918823242,32.93300247192383,2187,16,277,158,0.017673861235380173,1,Presenca
Dinizia excelsa Ducke,Dinizia excelsa,-64.348888,-9.244167,50.661773681640625,33.3385009765625,1996,25,472,95,0.03638410195708275,1,Presenca
Dinizia excelsa Ducke,Dinizia excelsa,-60.09,-2.3828,45.445594787597656,31.765499114990234,2404,98,427,99,0.053637146949768066,1,Presenca
Dinizia excelsa Ducke,Dinizia excelsa,-56.464167,-4.672222,54.63097381591797,32.77975082397461,2134,65,388,73,0.020310867577791214,1,Presenca
Dinizia excelsa Ducke,Dinizia excelsa,-51.972222,0.973889,68.9582290649414,32.010250091552734,2379,59,194,184,0.04986373707652092,1,Presenca
Dinizia excelsa Ducke,Dinizia excelsa,-64.048056,-9.081667,48.65624237060547,33.17274856567383,2112,24,488,112,0.043589036911726,1,Presenca
Dinizia excelsa Ducke,Dinizia excelsa,-64.736111,-9.444722,52.480735778808594,33.2234992980957,1857,24,446,113,0.021705150604248047,1,Presenca
Dinizia excelsa Ducke,Dinizia excelsa,-64.617222,-9.263055,50.56161117553711,33.247501373291016,1948,25,465,102,0.03808905929327011,1,Presenca
Dinizia excelsa Ducke,Dinizia excelsa,-48.798889,-2.180556,39.39651870727539,31.7237491607666,2437,64,216,29,0.027675768360495567,1,Presenca
Dinizia excelsa Ducke,Dinizia excelsa,-56.893889,-2.158056,66.43138122558594,32.89125061035156,2417,50,254,69,0.04539602994918823,1,Presenca
Dinizia excelsa Ducke,Dinizia excelsa,-60.658681,-3.154839,41.37446975708008,31.86349868774414,2236,51,363,42,0.03204062953591347,1,Presenca
Dinizia excelsa Ducke,Dinizia excelsa,-62.05,-1.01,31.432470321655273,31.506250381469727,2594,150,474,32,0.037884801626205444,1,Presenca
Dinizia excelsa Ducke,Dinizia excelsa,-48.330556,-3.34,40.19551467895508,31.6877498626709,2045,42,205,112,0.10940095037221909,1,Presenca
Dinizia excelsa Ducke,Dinizia excelsa,-48.483611,-3.285833,40.714012145996094,31.860750198364258,2125,46,209,74,0.046505045145750046,1,Presenca
Dinizia excelsa Ducke,Dinizia excelsa,-59.407778,-10.223611,49.40061950683594,33.872249603271484,1949,8,230,272,0.19311568140983582,1,Presenca
Dinizia excelsa Ducke,Dinizia excelsa,-59.860682,-2.442484,47.412681579589844,31.71125030517578,2393,98,421,117,0.006954549811780453,1,Presenca
Dinizia excelsa Ducke,Dinizia excelsa,-59.685556,-2.315278,48.05419158935547,31.919750213623047,2398,106,410,90,0.04828838258981705,1,Presenca
Dinizia excelsa Ducke,Dinizia excelsa,-60.063819,-3.553975,45.436492919921875,32.118499755859375,2184,60,369,28,0.02365141734480858,1,Presenca
Dinizia excelsa Ducke,Dinizia excelsa,-59.74583,-2.41625,48.940696716308594,31.828248977661133,2376,98,408,105,0.032258376479148865,1,Presenca
Dinizia excelsa Ducke,Dinizia excelsa,-63.216667,-9.1,48.023101806640625,33.02425003051758,2297,13,504,101,0.020734239369630814,1,Presenca
Dinizia excelsa Ducke,Dinizia excelsa,-51.616667,0.166667,68.5295181274414,32.748748779296875,2338,37,150,44,0.0906987264752388,1,Presenca
Dinizia excelsa Ducke,Dinizia excelsa,-51.62,-0.17,64.2341537475586,32.951751708984375,2383,46,194,12,0.04056879132986069,1,Presenca
Dinizia excelsa Ducke,Dinizia excelsa,-58.966667,-4.116667,50.833099365234375,32.54999923706055,2234,85,362,34,0.02000410668551922,1,Presenca
Dinizia excelsa Ducke,Dinizia excelsa,-63.11666,-9.16666,48.476871490478516,32.586997985839844,2351,13,510,113,0.024424979463219643,1,Presenca
Dinizia excelsa Ducke,Dinizia excelsa,-54.355206,-11.524631,64.53893280029297,34.56850051879883,1890,1,481,352,0.037831470370292664,1,Presenca
Dinizia excelsa Ducke,Dinizia excelsa,-65.18,-4.88,28.218034744262695,32.050750732421875,2442,89,500,90,0.009883420541882515,1,Presenca
Dinizia excelsa Ducke,Dinizia excelsa,-60.535278,-3.603056,39.335968017578125,32.06449890136719,2246,57,377,28,0.014995304867625237,1,Presenca
Dinizia excelsa Ducke,Dinizia excelsa,-56.126789,-9.839442,66.635986328125,36.36125183105469,2235,8,339,288,0.04045749828219414,1,Presenca
Dinizia excelsa Ducke,Dinizia excelsa,-53.837778,-3.389167,52.688655853271484,31.072500228881836,1674,39,172,197,0.09057829529047012,1,Presenca
Dinizia excelsa Ducke,Dinizia excelsa,-62.944722,-9.116111,47.546852111816406,32.5099983215332,2410,14,533,113,0.02670031599700451,1,Presenca
Dinizia excelsa Ducke,Dinizia excelsa,-57.846944,-9.122222,38.75631332397461,34.22875213623047,1959,7,271,247,0.1342708021402359,1,Presenca
Dinizia excelsa Ducke,Dinizia excelsa,-52.380833,-1.3825,56.890464782714844,32.548500061035156,2087,44,168,18,0.10370834916830063,1,Presenca
Dinizia excelsa Ducke,Dinizia excelsa,-53.244722,-0.764722,62.30110549926758,30.87299919128418,2163,53,169,346,0.10309194773435593,1,Presenca
Dinizia excelsa Ducke,Dinizia excelsa,-51.658889,0.9675,70.84114837646484,32.27674865722656,2319,42,151,119,0.07452215254306793,1,Presenca
Dinizia excelsa Ducke,Dinizia excelsa,-48.583333,-3.794722,42.444908142089844,32.05699920654297,2044,36,211,113,0.028883837163448334,1,Presenca
Dinizia excelsa Ducke,Dinizia excelsa,-63.251111,-8.915278,45.38854217529297,32.66225051879883,2287,15,500,95,0.021994037553668022,1,Presenca
Dinizia excelsa Ducke,Dinizia excelsa,-56.306111,-1.655278,64.2703628540039,32.88574981689453,2413,72,293,66,0.05622844770550728,1,Presenca
Dinizia excelsa Ducke,Dinizia excelsa,-61.595136,-7.948514,37.34532165527344,33.41350173950195,2446,22,364,112,0.0393097959458828,1,Presenca
Dinizia excelsa Ducke,Dinizia excelsa,-51.954722,-3.227222,56.432159423828125,32.276248931884766,2133,36,154,147,0.09099938720464706,1,Presenca
Dinizia excelsa Ducke,Dinizia excelsa,-64.205556,-9.143889,48.799835205078125,33.14925003051758,2064,24,481,94,0.03157304599881172,1,Presenca
Dinizia excelsa Ducke,Dinizia excelsa,-63.591667,-8.581667,44.630950927734375,32.94049835205078,2232,18,493,71,0.022274553775787354,1,Presenca
Dinizia excelsa Ducke,Dinizia excelsa,-64.591356,-9.411556,52.54551696777344,33.40925216674805,1920,25,461,121,0.04312306270003319,1,Presenca
Dinizia excelsa Ducke,Dinizia excelsa,-64.654939,-9.620525,53.68148422241211,33.265499114990234,1884,24,449,135,0.05064395070075989,1,Presenca
Dinizia excelsa Ducke,Dinizia excelsa,-60.285058,-2.439172,43.416080474853516,31.79800033569336,2389,93,424,77,0.052116233855485916,1,Presenca
Dinizia excelsa Ducke,Dinizia excelsa,-56,-4,60.913700103759766,32.8802490234375,2037,66,309,85,0.15315930545330048,1,Presenca
Dinizia excelsa Ducke,Dinizia excelsa,-51.972222,-0.973889,56.55431365966797,32.614749908447266,2500,52,227,18,0.05189947038888931,1,Presenca
Dinizia excelsa Ducke,Dinizia excelsa,-64.736111,-9.744722,55.49674987792969,33.11600112915039,1807,23,428,147,0.054620351642370224,1,Presenca
Dinizia excelsa Ducke,Dinizia excelsa,-65.355556000000007,-4.898333,28.80950355529785,32.035247802734375,2461,87,502,88,0.008399343118071556,1,Presenca
Dinizia excelsa Ducke,Dinizia excelsa,-64.95,-9.646944,54.94429016113281,33.16025161743164,1779,22,426,123,0.003710945602506399,1,Presenca
Dinizia excelsa Ducke,Dinizia excelsa,-48.798889,-2.797222,40.61542892456055,31.789499282836914,2312,52,211,54,0.03660561144351959,1,Presenca
Dinizia excelsa Ducke,Dinizia excelsa,-56.893889,-2.891389,67.24627685546875,33.07324981689453,2474,75,289,39,0.05117570608854294,1,Presenca
Dinizia excelsa Ducke,Dinizia excelsa,-59,-1,51.02878952026367,32.028751373291016,2279,104,322,158,0.039112091064453125,1,Presenca
Dinizia excelsa Ducke,Dinizia excelsa,-56.457222,-1.815556,65.53587341308594,32.84225082397461,2431,61,274,98,0.129510760307312,1,Presenca
Dinizia excelsa Ducke,Dinizia excelsa,-51.986389,-2.301667,51.74192810058594,32.23149871826172,2174,47,163,51,0.03977831080555916,1,Presenca
Dinizia excelsa Ducke,Dinizia excelsa,-48.473333,-2.102778,37.963687896728516,31.253250122070313,2390,72,334,36,0.012650096789002419,1,Presenca
Dinizia excelsa Ducke,Dinizia excelsa,-48.288222,-3.725667,41.24590301513672,31.98175048828125,1964,36,207,130,0.016671687364578247,1,Presenca
Dinizia excelsa Ducke,Dinizia excelsa,-49.16,-3.035278,43.505584716796875,32.1515007019043,2350,46,213,55,0.02957688830792904,1,Presenca
Dinizia excelsa Ducke,Dinizia excelsa,-59.116667,-0.583333,51.33632278442383,32.129249572753906,2221,103,322,156,0.1461978554725647,1,Presenca
Dinizia excelsa Ducke,Dinizia excelsa,-59.116667,0.583333,53.92979049682617,32.474998474121094,1925,79,261,160,0.077598676085472107,1,Presenca
Dinizia excelsa Ducke,Dinizia excelsa,-63,-5,27.64173698425293,32.416751861572266,2413,78,666,45,0.039696045219898224,1,Presenca
Dinizia excelsa Ducke,Dinizia excelsa,-52.916667,-1.116667,61.066070556640625,32.26824951171875,1903,41,142,80,0.10061599314212799,1,Presenca
Dinizia excelsa Ducke,Dinizia excelsa,-52.583333,-0.666667,62.38731002807617,32.42974853515625,2254,50,182,77,0.1400032639503479,1,Presenca
Dinizia excelsa Ducke,Dinizia excelsa,-52.7,-0.783333,61.535404205322266,31.978500366210938,2171,49,171,147,0.3317132890224457,1,Presenca
Dinizia excelsa Ducke,Dinizia excelsa,-54.718333,-2.436111,63.638057708740234,31.684249877929688,1989,29,140,24,0.15474794805049896,1,Presenca
Dinizia excelsa Ducke,Dinizia excelsa,-58.966667,-0.116667,52.8272590637207,31.878999710083008,2155,97,307,245,0.18239045143127441,1,Presenca
Dinizia excelsa Ducke,Dinizia excelsa,-63,-11,55.31306076049805,32.40774917602539,1736,10,259,317,0.015442794188857079,1,Presenca
Dinizia excelsa Ducke,Dinizia excelsa,-60.05,-3.166667,49.14425277709961,32.04050064086914,2198,54,368,27,0.022752391174435616,1,Presenca
Dinizia excelsa Ducke,Dinizia excelsa,-59.800556,-2.991389,49.45139694213867,31.88774871826172,2345,79,397,81,0.09139823168516159,1,Presenca
Dinizia excelsa Ducke,Dinizia excelsa,-53,-4,47.13689422607422,31.469499588012695,1678,37,186,189,0.035761792212724686,1,Presenca
Dinizia excelsa Ducke,Dinizia excelsa,-52.8731,-10.8339,56.69300079345703,34.96424865722656,2063,3,539,308,0.0211253073066473,1,Presenca
Dinizia excelsa Ducke,Dinizia excelsa,-51.855556,1.515833,68.22516632080078,32.217498779296875,2446,54,193,155,0.03864770755171776,1,Presenca
Dinizia excelsa Ducke,Dinizia excelsa,-67.81,-9.9747,85.01011657714844,32.122249603271484,1668,61,485,156,0.010193810798227787,1,Presenca
Dinizia excelsa Ducke,Dinizia excelsa,-48.81,-3.483056,41.86274337768555,31.859498977661133,2168,42,209,85,0.05944322794675827,1,Presenca
Dinizia excelsa Ducke,Dinizia excelsa,-52.63,0.57,64.842437744140625,30.774999618530273,2413,60,209,411,0.20217916369438171,1,Presenca
Dinizia excelsa Ducke,Dinizia excelsa,-52.08,0.39,65.759979248046875,31.98324966430664,2380,52,188,162,0.09188885241746902,1,Presenca
Dinizia excelsa Ducke,Dinizia excelsa,-51.61687,-0.012935833,65.7543716430664,32.82099914550781,2372,42,176,25,0.06260613352060318,1,Presenca
Dinizia excelsa Ducke,Dinizia excelsa,-51.18,2.75,66.43402099609375,32.5994987487793,2807,51,196,59,0.0840103030204773,1,Presenca
Dinizia excelsa Ducke,Dinizia excelsa,-51.36,1.35,72.65238189697266,32.20750045776367,2421,42,153,142,0.03502379730343819,1,Presenca
Dinizia excelsa Ducke,Dinizia excelsa,-51.71,2.48,65.8624496459961,32.22249984741211,2635,55,201,162,0.14087876677513123,1,Presenca
Dinizia excelsa Ducke,Dinizia excelsa,-51.04,2.21,73.14632415771484,32.58124923706055,2656,42,161,58,0.09607819467782974,1,Presenca
Dinizia excelsa Ducke,Dinizia excelsa,-52.45,0.9,65.03289794921875,32.054500579833984,2393,63,210,167,0.11728865653276443,1,Presenca
Dinizia excelsa Ducke,Dinizia excelsa,-51.18,3.24,62.537696838378906,32.94974899291992,2955,52,208,19,0.07012670487165451,1,Presenca
Dinizia excelsa Ducke,Dinizia excelsa,-51.31,2.93,64.55435943603516,32.60350036621094,2844,51,188,54,0.06918376684188843,1,Presenca
Dinizia excelsa Ducke,Dinizia excelsa,-51.899289,0.129209,64.46949768066406,32.22650146484375,2389,47,183,104,0.11639837920665741,1,Presenca
Dinizia excelsa Ducke,Dinizia excelsa,-51.18,1.76,73.1820297241211,32.3432502746582,2505,40,154,106,0.12287301570177078,1,Presenca
Dinizia excelsa Ducke,Dinizia excelsa,-51.4,2.39,68.14057159423828,32.47774887084961,2691,51,193,97,0.11272205412387848,1,Presenca
Dinizia excelsa Ducke,Dinizia excelsa,-51.8,3.43,56.937232971191406,32.486000061035156,3153,78,280,96,0.08882825821638107,1,Presenca
Dinizia excelsa Ducke,Dinizia excelsa,-51.18,3.43,62.414608001708984,33.23524856567383,2964,53,213,7,0.03918694704771042,1,Presenca
Dinizia excelsa Ducke,Dinizia excelsa,-51.04,2.48,72.23548126220703,32.7130012512207,2665,43,162,45,0.0871279165148735,1,Presenca
Dinizia excelsa Ducke,Dinizia excelsa,-51.31,2.16,72.06009674072266,32.4057502746582,2595,45,168,92,0.09356937557458878,1,Presenca
Dinizia excelsa Ducke,Dinizia excelsa,-51.53,2.03,69.57140350341797,32.013248443603516,2574,52,192,189,0.10740996152162552,1,Presenca
Dinizia excelsa Ducke,Dinizia excelsa,-52.18,1.22,66.46350860595703,32.052249908447266,2406,63,207,176,0.018457919359207153,1,Presenca
Dinizia excelsa Ducke,Dinizia excelsa,-52.22,0.81,65.7359619140625,31.930500030517578,2395,61,207,181,0.09753039479255676,1,Presenca
Dinizia excelsa Ducke,Dinizia excelsa,-51.93,2.93,59.46723556518555,32.35200119018555,2775,59,253,148,0.0854775458574295,1,Presenca
Dinizia excelsa Ducke,Dinizia excelsa,-51.75,3.24,57.92072296142578,32.44050216674805,3002,72,257,113,0.08326685428619385,1,Presenca
Dinizia excelsa Ducke,Dinizia excelsa,-52.35,0.16,63.537132263183594,31.69824981689453,2397,52,195,217,0.10982601344585419,1,Presenca
Dinizia excelsa Ducke,Dinizia excelsa,-52.95556944,1.018297222,63.070194244384766,31.513750076293945,2367,61,212,289,0.08493702858686447,1,Presenca
Dinizia excelsa Ducke,Dinizia excelsa,-52.08,0.9,67.31892395019531,32.19874954223633,2404,65,210,147,0.013106250204145908,1,Presenca
Dinizia excelsa Ducke,Dinizia excelsa,-52.08,1.26,67.700164794921875,32.138999938964844,2411,62,203,159,0.022688813507556915,1,Presenca
Dinizia excelsa Ducke,Dinizia excelsa,-53.225626,0.77088,60.67563247680664,31.760250091552734,2324,60,212,242,0.15044109523296356,1,Presenca
Dinizia excelsa Ducke,Dinizia excelsa,-52.384179,0.730238,65.02742004394531,31.780000686645508,2406,61,211,213,0.2383039891719818,1,Presenca
Dinizia excelsa Ducke,Dinizia excelsa,-60.17,-2.63,43.955692291259766,31.808250427246094,2355,82,409,69,0.04382116720080376,1,Presenca
Dinizia excelsa Ducke,Dinizia excelsa,-51.51,-1.73,48.858375549316406,32.18299865722656,2231,48,190,45,0.028323648497462273,1,Presenca
