limiar,sensibilidade,especificidade,acuracia,TSS,Kappa,TP,TN,FP,FN
0.01,1,0.020958083832335328,0.12096774193548387,0.020958083832335328,0.004354374017810376,38,7,327,0
0.02,1,0.04790419161676647,0.14516129032258066,0.0479041916167664,0.010174710489323262,38,16,318,0
0.03,1,0.08383233532934131,0.1774193548387097,0.08383233532934131,0.01835115557088653,38,28,306,0
0.04,1,0.08982035928143713,0.1827956989247312,0.08982035928143706,0.01976284584980236,38,30,304,0
0.05,1,0.10479041916167664,0.19623655913978494,0.10479041916167664,0.02335627985389155,38,35,299,0
0.060000000000000005,1,0.12574850299401197,0.21505376344086022,0.12574850299401197,0.028546898476067818,38,42,292,0
0.06999999999999999,1,0.17365269461077845,0.25806451612903225,0.17365269461077837,0.04116548375046695,38,58,276,0
0.08,1,0.19760479041916168,0.27956989247311825,0.1976047904191618,0.047902819161127624,38,66,268,0
0.09,1,0.20958083832335328,0.2903225806451613,0.20958083832335328,0.05138706436905959,38,70,264,0
0.09999999999999999,1,0.25149700598802394,0.3279569892473118,0.25149700598802394,0.06423569186186909,38,84,250,0
0.11,1,0.27844311377245506,0.3521505376344086,0.278443113772455,0.07307692307692308,38,93,241,0
0.12,0.9736842105263158,0.31137724550898205,0.3790322580645161,0.28506145603529776,0.07766615146831529,37,104,230,1
0.13,0.9736842105263158,0.32335329341317365,0.3897849462365591,0.29703750393948947,0.08197077752652634,37,108,226,1
0.14,0.9736842105263158,0.3323353293413174,0.3978494623655914,0.3060195398676333,0.0852726793712128,37,111,223,1
0.15000000000000002,0.9736842105263158,0.3502994011976048,0.41397849462365593,0.32398361172392054,0.09207344379758176,37,117,217,1
0.16,0.9736842105263158,0.3562874251497006,0.41935483870967744,0.3299716356760163,0.09440086556667572,37,119,215,1
0.17,0.9736842105263158,0.38023952095808383,0.44086021505376344,0.3539237314843997,0.10402964335340432,37,127,207,1
0.18000000000000002,0.9736842105263158,0.39820359281437123,0.45698924731182794,0.37188780334068694,0.11160503168447936,37,133,201,1
0.19,0.9736842105263158,0.4221556886227545,0.478494623655914,0.39583989914907036,0.12221465408193057,37,141,193,1
0.2,0.9736842105263158,0.4341317365269461,0.489247311827957,0.40781594705326185,0.12775199921018862,37,145,189,1
0.21000000000000002,0.9736842105263158,0.4431137724550898,0.49731182795698925,0.4167979829814057,0.1320123777201038,37,148,186,1
0.22,0.9473684210526315,0.47005988023952094,0.5188172043010753,0.41742830129215247,0.13728233830845762,36,157,177,2
0.23,0.9473684210526315,0.47604790419161674,0.5241935483870968,0.4234163252442482,0.14032797158972213,36,159,175,2
0.24000000000000002,0.9210526315789473,0.48502994011976047,0.5295698924731183,0.40608257169870776,0.13669637173774662,35,162,172,3
0.25,0.9210526315789473,0.49700598802395207,0.5403225806451613,0.4180586196028995,0.1429726234102176,35,166,168,3
0.26,0.9210526315789473,0.5119760479041916,0.553763440860215,0.43302867948313883,0.15110524579346743,35,171,163,3
0.27,0.8947368421052632,0.5179640718562875,0.5564516129032258,0.4127009139615505,0.1457915831663326,34,173,161,4
0.28,0.8947368421052632,0.5209580838323353,0.5591397849462365,0.4156949259375984,0.14745667970933476,34,174,160,4
0.29000000000000004,0.8947368421052632,0.5449101796407185,0.5806451612903226,0.4396470217459818,0.16129032258064524,34,182,152,4
0.3,0.8947368421052632,0.5538922155688623,0.5887096774193549,0.4486290576741254,0.16672522839072382,34,185,149,4
0.31,0.8947368421052632,0.5688622754491018,0.6021505376344086,0.463599117554365,0.17610439363103086,34,190,144,4
0.32,0.868421052631579,0.5868263473053892,0.6155913978494624,0.45524739993696817,0.17846553002223875,33,196,138,5
0.33,0.868421052631579,0.592814371257485,0.6209677419354839,0.46123542388906413,0.1824812967581048,33,198,136,5
0.34,0.868421052631579,0.6107784431137725,0.6370967741935484,0.47919949574535137,0.1949858938189278,33,204,130,5
0.35000000000000003,0.8421052631578947,0.6167664670658682,0.6397849462365591,0.45887173022376304,0.1894106933784311,32,206,128,6
0.36000000000000004,0.8421052631578947,0.6407185628742516,0.6612903225806451,0.48282382603214624,0.20727912325801653,32,214,120,6
0.37,0.8421052631578947,0.6407185628742516,0.6612903225806451,0.48282382603214624,0.20727912325801653,32,214,120,6
0.38,0.8421052631578947,0.6467065868263473,0.6666666666666666,0.488811849984242,0.21197211972119703,32,216,118,6
0.39,0.8421052631578947,0.6586826347305389,0.6774193548387096,0.5007878978884337,0.2216487655182032,32,220,114,6
0.4,0.8421052631578947,0.6646706586826348,0.6827956989247311,0.5067759218405294,0.22663847780126833,32,222,112,6
0.41000000000000003,0.8157894736842105,0.6796407185628742,0.6935483870967742,0.49543019224708473,0.22872108249672646,31,227,107,7
0.42000000000000004,0.8157894736842105,0.6796407185628742,0.6935483870967742,0.49543019224708473,0.22872108249672646,31,227,107,7
0.43,0.8157894736842105,0.6946107784431138,0.706989247311828,0.5104002521273243,0.24215011961722493,31,232,102,7
0.44,0.8157894736842105,0.7035928143712575,0.7150537634408602,0.5193822880554682,0.2505701687699561,31,235,99,7
0.45,0.8157894736842105,0.7155688622754491,0.7258064516129032,0.5313583359596596,0.26224918338777414,31,239,95,7
0.46,0.7894736842105263,0.7365269461077845,0.7419354838709677,0.5260006303183107,0.2721343551279961,30,246,88,8
0.47000000000000003,0.7894736842105263,0.7514970059880239,0.7553763440860215,0.5409706901985503,0.28858439811701403,30,251,83,8
0.48000000000000004,0.7631578947368421,0.7604790419161677,0.760752688172043,0.5236369366530098,0.28646551724137925,29,254,80,9
0.49,0.7631578947368421,0.7634730538922155,0.7634408602150538,0.5266309486290577,0.2899531494013535,29,255,79,9
0.5,0.7631578947368421,0.7694610778443114,0.7688172043010753,0.5326189725811536,0.29706451045877996,29,257,77,9
0.51,0.7631578947368421,0.781437125748503,0.7795698924731183,0.5445950204853451,0.31185706551164033,29,261,73,9
0.52,0.7631578947368421,0.7874251497005988,0.7849462365591398,0.5505830444374409,0.3195536857508687,29,263,71,9
0.53,0.7368421052631579,0.7934131736526946,0.7876344086021505,0.5302552789158526,0.3141336818521284,28,265,69,10
0.54,0.7368421052631579,0.7994011976047904,0.793010752688172,0.5362433028679483,0.3221317682695946,28,267,67,10
0.55,0.7105263157894737,0.8173652694610778,0.8064516129032258,0.5278915852505515,0.33346605614174785,27,273,61,11
0.56,0.7105263157894737,0.8233532934131736,0.8118279569892473,0.5338796092026472,0.3422913719943422,27,275,59,11
0.5700000000000001,0.7105263157894737,0.8383233532934131,0.8252688172043011,0.5488496690828868,0.36555415617128484,27,280,54,11
0.5800000000000001,0.6052631578947368,0.8413173652694611,0.8172043010752689,0.44658052316419794,0.30945621314697547,23,281,53,15
0.59,0.6052631578947368,0.844311377245509,0.8198924731182796,0.4495745351402458,0.3140686922060769,23,282,52,15
0.6,0.5789473684210527,0.8502994011976048,0.8225806451612904,0.4292467696186575,0.30737982396750185,22,284,50,16
0.61,0.5789473684210527,0.8592814371257484,0.8306451612903226,0.4382288055468011,0.3218750000000001,22,287,47,16
0.62,0.5789473684210527,0.8652694610778443,0.8360215053763441,0.44421682949889707,0.33195949128591623,22,289,45,16
0.63,0.5526315789473685,0.8682634730538922,0.8360215053763441,0.42089505200126065,0.32011025886864825,21,290,44,17
0.64,0.5263157894736842,0.8712574850299402,0.8360215053763441,0.39757327450362423,0.30783308931185954,20,291,43,18
0.65,0.5263157894736842,0.874251497005988,0.8387096774193549,0.4005672864796721,0.3129770992366415,20,292,42,18
0.66,0.5263157894736842,0.8832335329341318,0.8467741935483871,0.40954932240781594,0.32898734177215205,20,295,39,18
0.67,0.5263157894736842,0.8922155688622755,0.8548387096774194,0.4185313583359598,0.34592341755665534,20,298,36,18
0.68,0.5,0.8922155688622755,0.8521505376344086,0.3922155688622755,0.3273277222514468,19,298,36,19
0.6900000000000001,0.5,0.8952095808383234,0.8548387096774194,0.39520958083832336,0.33306772908366533,19,299,35,19
0.7000000000000001,0.5,0.9011976047904192,0.8602150537634409,0.4011976047904193,0.34489298293145493,19,301,33,19
0.7100000000000001,0.47368421052631576,0.9161676646706587,0.8709677419354839,0.3898518751969744,0.35658691265494386,18,306,28,20
0.72,0.4473684210526316,0.9161676646706587,0.8682795698924731,0.3635360857232903,0.33610139860139854,17,306,28,21
0.73,0.4473684210526316,0.9311377245508982,0.8817204301075269,0.3785061456035297,0.36987988912842634,17,311,23,21
0.74,0.4473684210526316,0.9341317365269461,0.8844086021505376,0.3815001575795778,0.3771028037383177,17,312,22,21
0.75,0.42105263157894735,0.9401197604790419,0.8870967741935484,0.36117239205798923,0.36979670861568226,16,314,20,22
0.76,0.39473684210526316,0.9401197604790419,0.8844086021505376,0.33485660258430494,0.346995427824951,15,314,20,23
0.77,0.39473684210526316,0.9431137724550899,0.8870967741935484,0.33785061456035304,0.35438016528925603,15,315,19,23
0.78,0.3684210526315789,0.9461077844311377,0.8870967741935484,0.3145288370627166,0.338190443917316,14,316,18,24
0.79,0.3684210526315789,0.9461077844311377,0.8870967741935484,0.3145288370627166,0.338190443917316,14,316,18,24
0.8,0.3684210526315789,0.9461077844311377,0.8870967741935484,0.3145288370627166,0.338190443917316,14,316,18,24
0.81,0.34210526315789475,0.9461077844311377,0.8844086021505376,0.28821304758903254,0.31382978723404265,13,316,18,25
0.8200000000000001,0.34210526315789475,0.9491017964071856,0.8870967741935484,0.2912070595650804,0.3211678832116787,13,317,17,25
0.8300000000000001,0.34210526315789475,0.9580838323353293,0.8951612903225806,0.30018909549322403,0.344360086767896,13,320,14,25
0.8400000000000001,0.3157894736842105,0.9640718562874252,0.8978494623655914,0.2798613299716357,0.3344632768361581,12,322,12,26
0.85,0.2631578947368421,0.9640718562874252,0.8924731182795699,0.22722975102426735,0.2793490895001937,10,322,12,28
0.86,0.2631578947368421,0.9640718562874252,0.8924731182795699,0.22722975102426735,0.2793490895001937,10,322,12,28
0.87,0.21052631578947367,0.9760479041916168,0.8978494623655914,0.18657421998109047,0.25095379398050033,8,326,8,30
0.88,0.18421052631578946,0.9760479041916168,0.8951612903225806,0.16025843050740618,0.2189922480620154,7,326,8,31
0.89,0.18421052631578946,0.9760479041916168,0.8951612903225806,0.16025843050740618,0.2189922480620154,7,326,8,31
0.9,0.18421052631578946,0.9790419161676647,0.8978494623655914,0.16325244248345405,0.22669584245076543,7,327,7,31
0.91,0.18421052631578946,0.9880239520958084,0.9059139784946236,0.1722344784115979,0.2513799448022078,7,330,4,31
0.92,0.13157894736842105,0.9940119760479041,0.9059139784946236,0.12559092341632527,0.19669299111549857,5,332,2,33
0.93,0.13157894736842105,0.9970059880239521,0.9086021505376344,0.12858493539237315,0.20512820512820482,5,333,1,33
0.9400000000000001,0.10526315789473684,0.9970059880239521,0.9059139784946236,0.10226914591868885,0.16623975409836078,4,333,1,34
0.9500000000000001,0.10526315789473684,0.9970059880239521,0.9059139784946236,0.10226914591868885,0.16623975409836078,4,333,1,34
0.9600000000000001,0.07894736842105263,0.9970059880239521,0.9032258064516129,0.07595335644500478,0.1258485639686682,3,333,1,35
0.97,0.05263157894736842,0.9970059880239521,0.9005376344086021,0.04963756697132049,0.08386581469648499,2,333,1,36
0.98,0.02631578947368421,0.9970059880239521,0.8978494623655914,0.02332177749763642,0.04019554589896786,1,333,1,37
0.99,0,1,0.8978494623655914,0,0,0,334,0,38
